Year,State Code,Producer Type,Fuel Source,Generators,Facilities,Nameplate Capacity (Megawatts),Summer Capacity (Megawatts)
1990,NE,"Combined Heat and Power, Industrial Power",All Sources,,2,8.9,8.3
1990,NE,"Combined Heat and Power, Industrial Power",Coal,,2,8.9,8.3
1990,NE,"Electric Generators, Electric Utilities",All Sources,,98,5879.14,5451.74
1990,NE,"Electric Generators, Electric Utilities",Coal,,8,3304.42,3094.1
1990,NE,"Electric Generators, Electric Utilities",Hydroelectric,,11,183.08,167.88
1990,NE,"Electric Generators, Electric Utilities",Natural Gas,,40,606.74,565.44
1990,NE,"Electric Generators, Electric Utilities",Nuclear,,2,1337.55,1254
1990,NE,"Electric Generators, Electric Utilities",Petroleum,,37,447.35,370.32
1990,NE,Total Electric Power Industry,All Sources,,100,5888.04,5460.04
1990,NE,Total Electric Power Industry,Coal,,,3313.32,3102.4
1990,NE,Total Electric Power Industry,Hydroelectric,,11,183.08,167.88
1990,NE,Total Electric Power Industry,Natural Gas,,40,606.74,565.44
1990,NE,Total Electric Power Industry,Nuclear,,2,1337.55,1254
1990,NE,Total Electric Power Industry,Petroleum,,,447.35,370.32
1991,NE,"Combined Heat and Power, Industrial Power",All Sources,,1,7.9,7.4
1991,NE,"Combined Heat and Power, Industrial Power",Coal,,1,7.9,7.4
1991,NE,"Electric Generators, Electric Utilities",All Sources,,95,5740.49,5450.05
1991,NE,"Electric Generators, Electric Utilities",Coal,,7,3168.07,3087.1
1991,NE,"Electric Generators, Electric Utilities",Hydroelectric,,11,183.08,167.78
1991,NE,"Electric Generators, Electric Utilities",Natural Gas,,39,676.84,630.36
1991,NE,"Electric Generators, Electric Utilities",Nuclear,,2,1337.55,1254
1991,NE,"Electric Generators, Electric Utilities",Petroleum,,36,374.95,310.82
1991,NE,Total Electric Power Industry,All Sources,,96,5748.39,5457.45
1991,NE,Total Electric Power Industry,Coal,,,3175.97,3094.5
1991,NE,Total Electric Power Industry,Hydroelectric,,11,183.08,167.78
1991,NE,Total Electric Power Industry,Natural Gas,,39,676.84,630.36
1991,NE,Total Electric Power Industry,Nuclear,,2,1337.55,1254
1991,NE,Total Electric Power Industry,Petroleum,,,374.95,310.82
1992,NE,"Combined Heat and Power, Industrial Power",All Sources,,2,8.9,8.3
1992,NE,"Combined Heat and Power, Industrial Power",Coal,,2,8.9,8.3
1992,NE,"Electric Generators, Electric Utilities",All Sources,,93,5762.63,5452.56
1992,NE,"Electric Generators, Electric Utilities",Coal,,7,3167.92,3065.6
1992,NE,"Electric Generators, Electric Utilities",Hydroelectric,,11,183.08,167.78
1992,NE,"Electric Generators, Electric Utilities",Natural Gas,,39,677.24,630.89
1992,NE,"Electric Generators, Electric Utilities",Nuclear,,2,1337.55,1254
1992,NE,"Electric Generators, Electric Utilities",Petroleum,,34,396.84,334.29
1992,NE,Total Electric Power Industry,All Sources,,95,5771.53,5460.86
1992,NE,Total Electric Power Industry,Coal,,,3176.82,3073.9
1992,NE,Total Electric Power Industry,Hydroelectric,,11,183.08,167.78
1992,NE,Total Electric Power Industry,Natural Gas,,39,677.24,630.89
1992,NE,Total Electric Power Industry,Nuclear,,2,1337.55,1254
1992,NE,Total Electric Power Industry,Petroleum,,,396.84,334.29
1993,NE,"Combined Heat and Power, Industrial Power",All Sources,,2,8.9,8.3
1993,NE,"Combined Heat and Power, Industrial Power",Coal,,2,8.9,8.3
1993,NE,"Electric Generators, Electric Utilities",All Sources,,95,5777.7,5511.61
1993,NE,"Electric Generators, Electric Utilities",Coal,,7,3167.92,3102.8
1993,NE,"Electric Generators, Electric Utilities",Hydroelectric,,11,183.08,167.69
1993,NE,"Electric Generators, Electric Utilities",Natural Gas,,41,684.74,644.94
1993,NE,"Electric Generators, Electric Utilities",Nuclear,,2,1337.55,1254
1993,NE,"Electric Generators, Electric Utilities",Petroleum,,34,404.41,342.18
1993,NE,Total Electric Power Industry,All Sources,,97,5786.6,5519.91
1993,NE,Total Electric Power Industry,Coal,,,3176.82,3111.1
1993,NE,Total Electric Power Industry,Hydroelectric,,11,183.08,167.69
1993,NE,Total Electric Power Industry,Natural Gas,,41,684.74,644.94
1993,NE,Total Electric Power Industry,Nuclear,,2,1337.55,1254
1993,NE,Total Electric Power Industry,Petroleum,,,404.41,342.18
1994,NE,"Combined Heat and Power, Industrial Power",All Sources,,2,8.9,8.3
1994,NE,"Combined Heat and Power, Industrial Power",Coal,,2,8.9,8.3
1994,NE,"Electric Generators, Electric Utilities",All Sources,,95,5777.88,5517.51
1994,NE,"Electric Generators, Electric Utilities",Coal,,7,3167.92,3111.9
1994,NE,"Electric Generators, Electric Utilities",Hydroelectric,,11,183.08,166.69
1994,NE,"Electric Generators, Electric Utilities",Natural Gas,,41,684.97,642.54
1994,NE,"Electric Generators, Electric Utilities",Nuclear,,2,1337.55,1254
1994,NE,"Electric Generators, Electric Utilities",Petroleum,,34,404.35,342.38
1994,NE,Total Electric Power Industry,All Sources,,97,5786.78,5525.81
1994,NE,Total Electric Power Industry,Coal,,,3176.82,3120.2
1994,NE,Total Electric Power Industry,Hydroelectric,,11,183.08,166.69
1994,NE,Total Electric Power Industry,Natural Gas,,41,684.97,642.54
1994,NE,Total Electric Power Industry,Nuclear,,2,1337.55,1254
1994,NE,Total Electric Power Industry,Petroleum,,,404.35,342.38
1995,NE,"Combined Heat and Power, Industrial Power",All Sources,,3,10.4,9.71
1995,NE,"Combined Heat and Power, Industrial Power",Coal,,3,10.4,9.71
1995,NE,"Electric Generators, Electric Utilities",All Sources,,94,5777.47,5528.97
1995,NE,"Electric Generators, Electric Utilities",Coal,,7,3167.92,3111.9
1995,NE,"Electric Generators, Electric Utilities",Hydroelectric,,11,183.08,166.69
1995,NE,"Electric Generators, Electric Utilities",Natural Gas,,41,706.97,665.74
1995,NE,"Electric Generators, Electric Utilities",Nuclear,,2,1337.55,1254
1995,NE,"Electric Generators, Electric Utilities",Petroleum,,33,381.95,330.64
1995,NE,Total Electric Power Industry,All Sources,,97,5787.87,5538.68
1995,NE,Total Electric Power Industry,Coal,,,3178.32,3121.61
1995,NE,Total Electric Power Industry,Hydroelectric,,11,183.08,166.69
1995,NE,Total Electric Power Industry,Natural Gas,,41,706.97,665.74
1995,NE,Total Electric Power Industry,Nuclear,,2,1337.55,1254
1995,NE,Total Electric Power Industry,Petroleum,,,381.95,330.64
1996,NE,"Combined Heat and Power, Industrial Power",All Sources,,2,9.4,8.8
1996,NE,"Combined Heat and Power, Industrial Power",Coal,,1,7.9,7.4
1996,NE,"Combined Heat and Power, Industrial Power",Natural Gas,,2,1.5,1.4
1996,NE,"Electric Generators, Electric Utilities",All Sources,,93,5881.33,5631.72
1996,NE,"Electric Generators, Electric Utilities",Coal,,7,3167.92,3111.4
1996,NE,"Electric Generators, Electric Utilities",Hydroelectric,,11,183.08,166.69
1996,NE,"Electric Generators, Electric Utilities",Natural Gas,,40,588.67,559.17
1996,NE,"Electric Generators, Electric Utilities",Nuclear,,2,1337.55,1250
1996,NE,"Electric Generators, Electric Utilities",Petroleum,,33,604.11,544.46
1996,NE,Total Electric Power Industry,All Sources,,95,5890.73,5640.52
1996,NE,Total Electric Power Industry,Coal,,,3175.82,3118.8
1996,NE,Total Electric Power Industry,Hydroelectric,,11,183.08,166.69
1996,NE,Total Electric Power Industry,Natural Gas,,41,590.17,560.57
1996,NE,Total Electric Power Industry,Nuclear,,2,1337.55,1250
1996,NE,Total Electric Power Industry,Petroleum,,,604.11,544.46
1997,NE,"Combined Heat and Power, Commercial Power",All Sources,,1,2.1,2.05
1997,NE,"Combined Heat and Power, Commercial Power",Other Biomass,,,2.1,2.05
1997,NE,"Combined Heat and Power, Electric Power",All Sources,,1,1.5,1.46
1997,NE,"Combined Heat and Power, Electric Power",Other Biomass,,,1.5,1.46
1997,NE,"Combined Heat and Power, Industrial Power",All Sources,,2,9.4,8.8
1997,NE,"Combined Heat and Power, Industrial Power",Coal,,1,7.9,7.4
1997,NE,"Combined Heat and Power, Industrial Power",Natural Gas,,2,1.5,1.4
1997,NE,"Electric Generators, Electric Utilities",All Sources,,96,5980.02,5760.17
1997,NE,"Electric Generators, Electric Utilities",Coal,,7,3167.92,3151.8
1997,NE,"Electric Generators, Electric Utilities",Hydroelectric,,11,183.08,166.69
1997,NE,"Electric Generators, Electric Utilities",Natural Gas,,40,684.47,644.22
1997,NE,"Electric Generators, Electric Utilities",Nuclear,,2,1337.55,1250
1997,NE,"Electric Generators, Electric Utilities",Petroleum,,36,607,547.46
1997,NE,Total Electric Power Industry,All Sources,,100,5993.02,5772.48
1997,NE,Total Electric Power Industry,Coal,,,3175.82,3159.2
1997,NE,Total Electric Power Industry,Hydroelectric,,11,183.08,166.69
1997,NE,Total Electric Power Industry,Natural Gas,,41,685.97,645.62
1997,NE,Total Electric Power Industry,Nuclear,,2,1337.55,1250
1997,NE,Total Electric Power Industry,Other Biomass,,,3.6,3.51
1997,NE,Total Electric Power Industry,Petroleum,,,607,547.46
1998,NE,"Combined Heat and Power, Commercial Power",All Sources,,3,6.85,6.64
1998,NE,"Combined Heat and Power, Commercial Power",Natural Gas,,2,3.75,3.66
1998,NE,"Combined Heat and Power, Commercial Power",Other Biomass,,,2.1,2.05
1998,NE,"Combined Heat and Power, Commercial Power",Petroleum,,1,1,0.93
1998,NE,"Combined Heat and Power, Electric Power",All Sources,,1,1.5,1.46
1998,NE,"Combined Heat and Power, Electric Power",Other Biomass,,,1.5,1.46
1998,NE,"Combined Heat and Power, Industrial Power",All Sources,,2,9.4,8.8
1998,NE,"Combined Heat and Power, Industrial Power",Coal,,1,7.9,7.4
1998,NE,"Combined Heat and Power, Industrial Power",Natural Gas,,2,1.5,1.4
1998,NE,"Electric Generators, Electric Utilities",All Sources,,99,6003.39,5810.52
1998,NE,"Electric Generators, Electric Utilities",Coal,,7,3167.92,3168.6
1998,NE,"Electric Generators, Electric Utilities",Hydroelectric,,10,182.88,166.57
1998,NE,"Electric Generators, Electric Utilities",Natural Gas,,40,744.24,712.32
1998,NE,"Electric Generators, Electric Utilities",Nuclear,,2,1337.55,1245
1998,NE,"Electric Generators, Electric Utilities",Petroleum,,39,569.31,518.03
1998,NE,"Electric Generators, Electric Utilities",Wind,,1,1.5,0
1998,NE,Total Electric Power Industry,All Sources,,105,6021.14,5827.42
1998,NE,Total Electric Power Industry,Coal,,,3175.82,3176
1998,NE,Total Electric Power Industry,Hydroelectric,,10,182.88,166.57
1998,NE,Total Electric Power Industry,Natural Gas,,42,749.49,717.37
1998,NE,Total Electric Power Industry,Nuclear,,2,1337.55,1245
1998,NE,Total Electric Power Industry,Other Biomass,,,3.6,3.51
1998,NE,Total Electric Power Industry,Petroleum,,,570.31,518.96
1998,NE,Total Electric Power Industry,Wind,,1,1.5,0
1999,NE,"Combined Heat and Power, Commercial Power",All Sources,,3,6.85,6.64
1999,NE,"Combined Heat and Power, Commercial Power",Other Biomass,,,2.1,2.05
1999,NE,"Combined Heat and Power, Commercial Power",Petroleum,,1,4.75,4.59
1999,NE,"Combined Heat and Power, Electric Power",All Sources,,1,1.5,1.46
1999,NE,"Combined Heat and Power, Electric Power",Other Biomass,,,1.5,1.46
1999,NE,"Combined Heat and Power, Industrial Power",All Sources,,2,9.4,8.8
1999,NE,"Combined Heat and Power, Industrial Power",Coal,,1,7.9,7.4
1999,NE,"Combined Heat and Power, Industrial Power",Natural Gas,,2,1.5,1.4
1999,NE,"Electric Generators, Electric Utilities",All Sources,,100,6009.45,5829.49
1999,NE,"Electric Generators, Electric Utilities",Coal,,7,3167.92,3181.3
1999,NE,"Electric Generators, Electric Utilities",Hydroelectric,,10,182.88,162.08
1999,NE,"Electric Generators, Electric Utilities",Natural Gas,,40,744.24,722.62
1999,NE,"Electric Generators, Electric Utilities",Nuclear,,2,1337.55,1234
1999,NE,"Electric Generators, Electric Utilities",Petroleum,,40,575.37,527.99
1999,NE,"Electric Generators, Electric Utilities",Wind,,1,1.5,1.5
1999,NE,Total Electric Power Industry,All Sources,,106,6027.2,5846.39
1999,NE,Total Electric Power Industry,Coal,,,3175.82,3188.7
1999,NE,Total Electric Power Industry,Hydroelectric,,10,182.88,162.08
1999,NE,Total Electric Power Industry,Natural Gas,,42,745.74,724.01
1999,NE,Total Electric Power Industry,Nuclear,,2,1337.55,1234
1999,NE,Total Electric Power Industry,Other Biomass,,,3.6,3.51
1999,NE,Total Electric Power Industry,Petroleum,,,580.12,532.58
1999,NE,Total Electric Power Industry,Wind,,1,1.5,1.5
2000,NE,"Combined Heat and Power, Commercial Power",All Sources,,3,7,7
2000,NE,"Combined Heat and Power, Commercial Power",Natural Gas,,2,4,4
2000,NE,"Combined Heat and Power, Commercial Power",Other Biomass,,,2,2
2000,NE,"Combined Heat and Power, Commercial Power",Petroleum,,1,1,1
2000,NE,"Combined Heat and Power, Electric Power",All Sources,,1,2,1
2000,NE,"Combined Heat and Power, Electric Power",Other Biomass,,,2,1
2000,NE,"Combined Heat and Power, Industrial Power",All Sources,,2,9,9
2000,NE,"Combined Heat and Power, Industrial Power",Coal,,1,8,7
2000,NE,"Combined Heat and Power, Industrial Power",Natural Gas,,2,2,1
2000,NE,"Electric Generators, Electric Utilities",All Sources,,101,6128,5939
2000,NE,"Electric Generators, Electric Utilities",Coal,,7,3168,3181
2000,NE,"Electric Generators, Electric Utilities",Hydroelectric,,10,183,162
2000,NE,"Electric Generators, Electric Utilities",Natural Gas,,40,744,723
2000,NE,"Electric Generators, Electric Utilities",Nuclear,,2,1338,1234
2000,NE,"Electric Generators, Electric Utilities",Petroleum,,40,693,636
2000,NE,"Electric Generators, Electric Utilities",Wind,,2,3,3
2000,NE,Total Electric Power Industry,All Sources,,107,6146,5956
2000,NE,Total Electric Power Industry,Coal,,,3176,3189
2000,NE,Total Electric Power Industry,Hydroelectric,,10,183,162
2000,NE,Total Electric Power Industry,Natural Gas,,42,749,728
2000,NE,Total Electric Power Industry,Nuclear,,2,1338,1234
2000,NE,Total Electric Power Industry,Other Biomass,,,4,4
2000,NE,Total Electric Power Industry,Petroleum,,,694,637
2000,NE,Total Electric Power Industry,Wind,,2,3,3
2001,NE,"Combined Heat and Power, Commercial Power",All Sources,,3,8,7
2001,NE,"Combined Heat and Power, Commercial Power",Natural Gas,,2,4,4
2001,NE,"Combined Heat and Power, Commercial Power",Other Biomass,,,3,3
2001,NE,"Combined Heat and Power, Commercial Power",Petroleum,,1,1,1
2001,NE,"Combined Heat and Power, Electric Power",All Sources,,1,2,2
2001,NE,"Combined Heat and Power, Electric Power",Other Biomass,,,2,2
2001,NE,"Combined Heat and Power, Industrial Power",All Sources,,2,9,9
2001,NE,"Combined Heat and Power, Industrial Power",Coal,,1,8,8
2001,NE,"Combined Heat and Power, Industrial Power",Natural Gas,,2,2,1
2001,NE,"Electric Generators, Electric Utilities",All Sources,,90,6247,6010
2001,NE,"Electric Generators, Electric Utilities",Coal,,7,3204,3181
2001,NE,"Electric Generators, Electric Utilities",Hydroelectric,,9,183,162
2001,NE,"Electric Generators, Electric Utilities",Natural Gas,,31,742,721
2001,NE,"Electric Generators, Electric Utilities",Nuclear,,2,1338,1234
2001,NE,"Electric Generators, Electric Utilities",Petroleum,,38,778,708
2001,NE,"Electric Generators, Electric Utilities",Wind,,3,4,4
2001,NE,Total Electric Power Industry,All Sources,,96,6266,6028
2001,NE,Total Electric Power Industry,Coal,,,3212,3189
2001,NE,Total Electric Power Industry,Hydroelectric,,9,183,162
2001,NE,Total Electric Power Industry,Natural Gas,,33,747,726
2001,NE,Total Electric Power Industry,Nuclear,,2,1338,1234
2001,NE,Total Electric Power Industry,Other Biomass,,,5,5
2001,NE,Total Electric Power Industry,Petroleum,,,779,709
2001,NE,Total Electric Power Industry,Wind,,3,4,4
2002,NE,"Combined Heat and Power, Commercial Power",All Sources,,3,8,6
2002,NE,"Combined Heat and Power, Commercial Power",Natural Gas,,2,4,2
2002,NE,"Combined Heat and Power, Commercial Power",Other Biomass,,,3,3
2002,NE,"Combined Heat and Power, Commercial Power",Petroleum,,1,1,1
2002,NE,"Combined Heat and Power, Electric Power",All Sources,,1,2,2
2002,NE,"Combined Heat and Power, Electric Power",Other Biomass,,,2,2
2002,NE,"Combined Heat and Power, Industrial Power",All Sources,,2,9,9
2002,NE,"Combined Heat and Power, Industrial Power",Coal,,1,8,8
2002,NE,"Combined Heat and Power, Industrial Power",Natural Gas,,2,2,1
2002,NE,"Electric Generators, Electric Utilities",All Sources,,91,6261,6052
2002,NE,"Electric Generators, Electric Utilities",Coal,,7,3204,3196
2002,NE,"Electric Generators, Electric Utilities",Hydroelectric,,10,191,167
2002,NE,"Electric Generators, Electric Utilities",Natural Gas,,30,829,811
2002,NE,"Electric Generators, Electric Utilities",Nuclear,,2,1338,1234
2002,NE,"Electric Generators, Electric Utilities",Other Biomass,,,3,3
2002,NE,"Electric Generators, Electric Utilities",Petroleum,,39,694,638
2002,NE,"Electric Generators, Electric Utilities",Wind,,2,3,3
2002,NE,Total Electric Power Industry,All Sources,,97,6279,6069
2002,NE,Total Electric Power Industry,Coal,,,3212,3204
2002,NE,Total Electric Power Industry,Hydroelectric,,10,191,167
2002,NE,Total Electric Power Industry,Natural Gas,,32,834,815
2002,NE,Total Electric Power Industry,Nuclear,,2,1338,1234
2002,NE,Total Electric Power Industry,Other Biomass,,,8,8
2002,NE,Total Electric Power Industry,Petroleum,,,695,639
2002,NE,Total Electric Power Industry,Wind,,2,3,3
2003,NE,"Combined Heat and Power, Commercial Power",All Sources,,3,8,6
2003,NE,"Combined Heat and Power, Commercial Power",Natural Gas,,2,4,2
2003,NE,"Combined Heat and Power, Commercial Power",Other Biomass,,,3,3
2003,NE,"Combined Heat and Power, Commercial Power",Petroleum,,1,1,1
2003,NE,"Combined Heat and Power, Electric Power",All Sources,,1,2,2
2003,NE,"Combined Heat and Power, Electric Power",Other Biomass,,,2,2
2003,NE,"Combined Heat and Power, Industrial Power",All Sources,,2,9,9
2003,NE,"Combined Heat and Power, Industrial Power",Coal,,1,8,8
2003,NE,"Combined Heat and Power, Industrial Power",Natural Gas,,2,2,1
2003,NE,"Electric Generators, Electric Utilities",All Sources,,96,6994,6667
2003,NE,"Electric Generators, Electric Utilities",Coal,,7,3204,3196
2003,NE,"Electric Generators, Electric Utilities",Hydroelectric,,11,325,268
2003,NE,"Electric Generators, Electric Utilities",Natural Gas,,33,1453,1317
2003,NE,"Electric Generators, Electric Utilities",Nuclear,,2,1303,1233
2003,NE,"Electric Generators, Electric Utilities",Other Biomass,,,3,3
2003,NE,"Electric Generators, Electric Utilities",Petroleum,,39,693,637
2003,NE,"Electric Generators, Electric Utilities",Wind,,3,13,13
2003,NE,Total Electric Power Industry,All Sources,,102,7012,6684
2003,NE,Total Electric Power Industry,Coal,,,3212,3204
2003,NE,Total Electric Power Industry,Hydroelectric,,11,325,268
2003,NE,Total Electric Power Industry,Natural Gas,,35,1458,1320
2003,NE,Total Electric Power Industry,Nuclear,,2,1303,1233
2003,NE,Total Electric Power Industry,Other Biomass,,,8,8
2003,NE,Total Electric Power Industry,Petroleum,,,694,638
2003,NE,Total Electric Power Industry,Wind,,3,13,13
2004,NE,"Combined Heat and Power, Commercial Power",All Sources,,3,8,6
2004,NE,"Combined Heat and Power, Commercial Power",Natural Gas,,2,4,2
2004,NE,"Combined Heat and Power, Commercial Power",Other Biomass,,,3,3
2004,NE,"Combined Heat and Power, Commercial Power",Petroleum,,1,1,1
2004,NE,"Combined Heat and Power, Electric Power",All Sources,,1,2,1
2004,NE,"Combined Heat and Power, Electric Power",Other Biomass,,,2,1
2004,NE,"Combined Heat and Power, Industrial Power",All Sources,,1,8,8
2004,NE,"Combined Heat and Power, Industrial Power",Coal,,1,8,8
2004,NE,"Electric Generators, Electric Utilities",All Sources,,94,7109,6722
2004,NE,"Electric Generators, Electric Utilities",Coal,,7,3204,3196
2004,NE,"Electric Generators, Electric Utilities",Hydroelectric,,11,327,266
2004,NE,"Electric Generators, Electric Utilities",Natural Gas,,32,1566,1374
2004,NE,"Electric Generators, Electric Utilities",Nuclear,,2,1303,1232
2004,NE,"Electric Generators, Electric Utilities",Other Biomass,,,3,3
2004,NE,"Electric Generators, Electric Utilities",Petroleum,,38,693,638
2004,NE,"Electric Generators, Electric Utilities",Wind,,3,13,13
2004,NE,Total Electric Power Industry,All Sources,,99,7126,6738
2004,NE,Total Electric Power Industry,Coal,,,3212,3204
2004,NE,Total Electric Power Industry,Hydroelectric,,11,327,266
2004,NE,Total Electric Power Industry,Natural Gas,,33,1570,1376
2004,NE,Total Electric Power Industry,Nuclear,,2,1303,1232
2004,NE,Total Electric Power Industry,Other Biomass,,,8,8
2004,NE,Total Electric Power Industry,Petroleum,,,694,639
2004,NE,Total Electric Power Industry,Wind,,3,13,13
2005,NE,"Combined Heat and Power, Commercial Power",All Sources,,3,8,6
2005,NE,"Combined Heat and Power, Commercial Power",Natural Gas,,2,4,2
2005,NE,"Combined Heat and Power, Commercial Power",Other Biomass,,,3,3
2005,NE,"Combined Heat and Power, Commercial Power",Petroleum,,1,1,1
2005,NE,"Combined Heat and Power, Electric Power",All Sources,,1,2,1
2005,NE,"Combined Heat and Power, Electric Power",Other Biomass,,,2,1
2005,NE,"Combined Heat and Power, Industrial Power",All Sources,,1,8,8
2005,NE,"Combined Heat and Power, Industrial Power",Coal,,1,8,8
2005,NE,"Electric Generators, Electric Utilities",All Sources,,98,7476,7007
2005,NE,"Electric Generators, Electric Utilities",Coal,,7,3204,3196
2005,NE,"Electric Generators, Electric Utilities",Hydroelectric,,11,327,269
2005,NE,"Electric Generators, Electric Utilities",Natural Gas,,33,1871,1589
2005,NE,"Electric Generators, Electric Utilities",Nuclear,,2,1303,1238
2005,NE,"Electric Generators, Electric Utilities",Other Biomass,,,3,3
2005,NE,"Electric Generators, Electric Utilities",Petroleum,,40,696,639
2005,NE,"Electric Generators, Electric Utilities",Wind,,4,73,73
2005,NE,Total Electric Power Industry,All Sources,,103,7493,7023
2005,NE,Total Electric Power Industry,Coal,,,3212,3204
2005,NE,Total Electric Power Industry,Hydroelectric,,11,327,269
2005,NE,Total Electric Power Industry,Natural Gas,,34,1875,1591
2005,NE,Total Electric Power Industry,Nuclear,,2,1303,1238
2005,NE,Total Electric Power Industry,Other Biomass,,,8,8
2005,NE,Total Electric Power Industry,Petroleum,,,697,640
2005,NE,Total Electric Power Industry,Wind,,4,73,73
2006,NE,"Combined Heat and Power, Commercial Power",All Sources,,3,8,6
2006,NE,"Combined Heat and Power, Commercial Power",Natural Gas,,2,4,2
2006,NE,"Combined Heat and Power, Commercial Power",Other Biomass,,,3,3
2006,NE,"Combined Heat and Power, Commercial Power",Petroleum,,1,1,1
2006,NE,"Combined Heat and Power, Electric Power",All Sources,,1,2,1
2006,NE,"Combined Heat and Power, Electric Power",Other Biomass,,,2,1
2006,NE,"Combined Heat and Power, Industrial Power",All Sources,,1,8,8
2006,NE,"Combined Heat and Power, Industrial Power",Coal,,1,8,8
2006,NE,"Electric Generators, Electric Utilities",All Sources,,98,7480,7056
2006,NE,"Electric Generators, Electric Utilities",Coal,,7,3204,3196
2006,NE,"Electric Generators, Electric Utilities",Hydroelectric,,11,327,272
2006,NE,"Electric Generators, Electric Utilities",Natural Gas,,33,1870,1630
2006,NE,"Electric Generators, Electric Utilities",Nuclear,,2,1303,1238
2006,NE,"Electric Generators, Electric Utilities",Other Biomass,,,6,6
2006,NE,"Electric Generators, Electric Utilities",Petroleum,,40,698,641
2006,NE,"Electric Generators, Electric Utilities",Wind,,4,73,73
2006,NE,Total Electric Power Industry,All Sources,,103,7497,7071
2006,NE,Total Electric Power Industry,Coal,,,3212,3204
2006,NE,Total Electric Power Industry,Hydroelectric,,11,327,272
2006,NE,Total Electric Power Industry,Natural Gas,,34,1874,1632
2006,NE,Total Electric Power Industry,Nuclear,,2,1303,1238
2006,NE,Total Electric Power Industry,Other Biomass,,,10,10
2006,NE,Total Electric Power Industry,Petroleum,,,699,642
2006,NE,Total Electric Power Industry,Wind,,4,73,73
2007,NE,"Combined Heat and Power, Commercial Power",All Sources,,1,3,3
2007,NE,"Combined Heat and Power, Commercial Power",Other Biomass,,,3,3
2007,NE,"Combined Heat and Power, Electric Power",All Sources,,1,2,2
2007,NE,"Combined Heat and Power, Electric Power",Other Biomass,,,2,2
2007,NE,"Combined Heat and Power, Industrial Power",All Sources,,1,8,8
2007,NE,"Combined Heat and Power, Industrial Power",Coal,,1,8,8
2007,NE,"Electric Generators, Electric Utilities",All Sources,,98,7410,6959
2007,NE,"Electric Generators, Electric Utilities",Coal,,7,3204,3196
2007,NE,"Electric Generators, Electric Utilities",Hydroelectric,,11,327,273
2007,NE,"Electric Generators, Electric Utilities",Natural Gas,,34,2136,1889
2007,NE,"Electric Generators, Electric Utilities",Nuclear,,2,1303,1240
2007,NE,"Electric Generators, Electric Utilities",Other Biomass,,,6,6
2007,NE,"Electric Generators, Electric Utilities",Petroleum,,40,364,330
2007,NE,"Electric Generators, Electric Utilities",Wind,,3,71,25
2007,NE,Total Electric Power Industry,All Sources,,101,7422,6971
2007,NE,Total Electric Power Industry,Coal,,,3212,3204
2007,NE,Total Electric Power Industry,Hydroelectric,,11,327,273
2007,NE,Total Electric Power Industry,Natural Gas,,34,2136,1889
2007,NE,Total Electric Power Industry,Nuclear,,2,1303,1240
2007,NE,Total Electric Power Industry,Other Biomass,,,10,10
2007,NE,Total Electric Power Industry,Petroleum,,,364,330
2007,NE,Total Electric Power Industry,Wind,,3,71,25
2008,NE,"Combined Heat and Power, Commercial Power",All Sources,,1,3,3
2008,NE,"Combined Heat and Power, Commercial Power",Other Biomass,,1,3,3
2008,NE,"Combined Heat and Power, Electric Power",All Sources,,1,2,2
2008,NE,"Combined Heat and Power, Electric Power",Other Biomass,,1,2,2
2008,NE,"Combined Heat and Power, Industrial Power",All Sources,,1,8,8
2008,NE,"Combined Heat and Power, Industrial Power",Coal,,1,8,8
2008,NE,"Electric Generators, Electric Utilities",All Sources,,97,7409,7011
2008,NE,"Electric Generators, Electric Utilities",Coal,,7,3204,3196
2008,NE,"Electric Generators, Electric Utilities",Hydroelectric,,11,327,278
2008,NE,"Electric Generators, Electric Utilities",Natural Gas,,33,2080,1874
2008,NE,"Electric Generators, Electric Utilities",Nuclear,,2,1303,1252
2008,NE,"Electric Generators, Electric Utilities",Other Biomass,,1,6,6
2008,NE,"Electric Generators, Electric Utilities",Petroleum,,40,420,382
2008,NE,"Electric Generators, Electric Utilities",Wind,,3,71,25
2008,NE,Total Electric Power Industry,All Sources,,100,7421,7024
2008,NE,Total Electric Power Industry,Coal,,8,3212,3204
2008,NE,Total Electric Power Industry,Hydroelectric,,11,327,278
2008,NE,Total Electric Power Industry,Natural Gas,,33,2080,1874
2008,NE,Total Electric Power Industry,Nuclear,,2,1303,1252
2008,NE,Total Electric Power Industry,Other Biomass,,3,10,10
2008,NE,Total Electric Power Industry,Petroleum,,40,420,382
2008,NE,Total Electric Power Industry,Wind,,3,71,25
2009,NE,"Combined Heat and Power, Commercial Power",All Sources,,1,3,3
2009,NE,"Combined Heat and Power, Commercial Power",Other Biomass,,1,3,3
2009,NE,"Combined Heat and Power, Electric Power",All Sources,,1,2,2
2009,NE,"Combined Heat and Power, Electric Power",Other Biomass,,1,2,2
2009,NE,"Combined Heat and Power, Industrial Power",All Sources,,1,8,8
2009,NE,"Combined Heat and Power, Industrial Power",Coal,,1,8,8
2009,NE,"Electric Generators, Electric Utilities",All Sources,,97,8154,7675
2009,NE,"Electric Generators, Electric Utilities",Coal,,7,3942,3863
2009,NE,"Electric Generators, Electric Utilities",Hydroelectric,,11,332,278
2009,NE,"Electric Generators, Electric Utilities",Natural Gas,,33,2080,1864
2009,NE,"Electric Generators, Electric Utilities",Nuclear,,2,1303,1252
2009,NE,"Electric Generators, Electric Utilities",Other Biomass,,1,6,6
2009,NE,"Electric Generators, Electric Utilities",Petroleum,,40,420,387
2009,NE,"Electric Generators, Electric Utilities",Wind,,3,71,24
2009,NE,"Electric Generators, Independent Power Producers",All Sources,,1,81,81
2009,NE,"Electric Generators, Independent Power Producers",Wind,,1,81,81
2009,NE,Total Electric Power Industry,All Sources,,101,8247,7768
2009,NE,Total Electric Power Industry,Coal,,8,3950,3871
2009,NE,Total Electric Power Industry,Hydroelectric,,11,332,278
2009,NE,Total Electric Power Industry,Natural Gas,,33,2080,1864
2009,NE,Total Electric Power Industry,Nuclear,,2,1303,1252
2009,NE,Total Electric Power Industry,Other Biomass,,3,11,11
2009,NE,Total Electric Power Industry,Petroleum,,40,420,387
2009,NE,Total Electric Power Industry,Wind,,4,152,105
2010,NE,"Combined Heat and Power, Commercial Power",All Sources,,1,3,3
2010,NE,"Combined Heat and Power, Commercial Power",Other Biomass,,1,3,3
2010,NE,"Combined Heat and Power, Electric Power",All Sources,,1,2,2
2010,NE,"Combined Heat and Power, Electric Power",Other Biomass,,1,2,2
2010,NE,"Combined Heat and Power, Industrial Power",All Sources,,2,79,69
2010,NE,"Combined Heat and Power, Industrial Power",Coal,,2,79,69
2010,NE,"Electric Generators, Electric Utilities",All Sources,,97,8156,7647
2010,NE,"Electric Generators, Electric Utilities",Coal,,7,3942,3863
2010,NE,"Electric Generators, Electric Utilities",Hydroelectric,,11,332,278
2010,NE,"Electric Generators, Electric Utilities",Natural Gas,,33,2080,1849
2010,NE,"Electric Generators, Electric Utilities",Nuclear,,2,1303,1245
2010,NE,"Electric Generators, Electric Utilities",Other Biomass,,1,6,6
2010,NE,"Electric Generators, Electric Utilities",Petroleum,,40,422,387
2010,NE,"Electric Generators, Electric Utilities",Wind,,3,71,18
2010,NE,"Electric Generators, Independent Power Producers",All Sources,,2,141,136
2010,NE,"Electric Generators, Independent Power Producers",Wind,,2,141,136
2010,NE,Total Electric Power Industry,All Sources,,103,8380,7857
2010,NE,Total Electric Power Industry,Coal,,9,4021,3932
2010,NE,Total Electric Power Industry,Hydroelectric,,11,332,278
2010,NE,Total Electric Power Industry,Natural Gas,,33,2080,1849
2010,NE,Total Electric Power Industry,Nuclear,,2,1303,1245
2010,NE,Total Electric Power Industry,Other Biomass,,3,11,11
2010,NE,Total Electric Power Industry,Petroleum,,40,422,387
2010,NE,Total Electric Power Industry,Wind,,5,212,154
2011,NE,Commercial Power,All Sources,6,2,4.5,4.5
2011,NE,Commercial Power,Other Biomass,6,2,4.5,4.5
2011,NE,"Electric Generators, Electric Utilities",All Sources,275,81,8403.5,7834
2011,NE,"Electric Generators, Electric Utilities",Coal,17,7,4189.7,4086.3
2011,NE,"Electric Generators, Electric Utilities",Hydroelectric,22,11,332.3,278.2
2011,NE,"Electric Generators, Electric Utilities",Natural Gas,118,33,2080.4,1784.3
2011,NE,"Electric Generators, Electric Utilities",Nuclear,2,2,1303,1244.5
2011,NE,"Electric Generators, Electric Utilities",Other Biomass,8,1,6.4,6.4
2011,NE,"Electric Generators, Electric Utilities",Petroleum,104,39,420.6,363.2
2011,NE,"Electric Generators, Electric Utilities",Wind,4,3,71.1,71.1
2011,NE,"Electric Generators, Independent Power Producers",All Sources,4,4,261.4,261.4
2011,NE,"Electric Generators, Independent Power Producers",Wind,4,4,261.4,261.4
2011,NE,Industrial Power,All Sources,3,3,84.3,73.9
2011,NE,Industrial Power,Coal,3,3,84.3,73.9
2011,NE,Total Electric Power Industry,All Sources,288,90,8753.7,8173.8
2011,NE,Total Electric Power Industry,Coal,20,10,4274,4160.2
2011,NE,Total Electric Power Industry,Hydroelectric,22,11,332.3,278.2
2011,NE,Total Electric Power Industry,Natural Gas,118,33,2080.4,1784.3
2011,NE,Total Electric Power Industry,Nuclear,2,2,1303,1244.5
2011,NE,Total Electric Power Industry,Other Biomass,14,3,10.9,10.9
2011,NE,Total Electric Power Industry,Petroleum,104,39,420.6,363.2
2011,NE,Total Electric Power Industry,Wind,8,7,332.5,332.5
2012,NE,Commercial Power,All Sources,6,2,4.5,4.5
2012,NE,Commercial Power,Other Biomass,6,2,4.5,4.5
2012,NE,"Electric Generators, Electric Utilities",All Sources,273,80,8402.5,7810.4
2012,NE,"Electric Generators, Electric Utilities",Coal,17,7,4189.7,4071.8
2012,NE,"Electric Generators, Electric Utilities",Hydroelectric,22,11,332.3,275.3
2012,NE,"Electric Generators, Electric Utilities",Natural Gas,119,34,2137.1,1826.4
2012,NE,"Electric Generators, Electric Utilities",Nuclear,2,2,1303,1244.6
2012,NE,"Electric Generators, Electric Utilities",Other Biomass,8,1,6.4,6.4
2012,NE,"Electric Generators, Electric Utilities",Petroleum,101,37,362.9,314.8
2012,NE,"Electric Generators, Electric Utilities",Wind,4,3,71.1,71.1
2012,NE,"Electric Generators, Independent Power Producers",All Sources,8,7,384.3,384.3
2012,NE,"Electric Generators, Independent Power Producers",Wind,8,7,384.3,384.3
2012,NE,Industrial Power,All Sources,3,3,84.3,73.9
2012,NE,Industrial Power,Coal,3,3,84.3,73.9
2012,NE,Total Electric Power Industry,All Sources,290,92,8875.6,8273.1
2012,NE,Total Electric Power Industry,Coal,20,10,4274,4145.7
2012,NE,Total Electric Power Industry,Hydroelectric,22,11,332.3,275.3
2012,NE,Total Electric Power Industry,Natural Gas,119,34,2137.1,1826.4
2012,NE,Total Electric Power Industry,Nuclear,2,2,1303,1244.6
2012,NE,Total Electric Power Industry,Other Biomass,14,3,10.9,10.9
2012,NE,Total Electric Power Industry,Petroleum,101,37,362.9,314.8
2012,NE,Total Electric Power Industry,Wind,12,10,455.4,455.4
2013,NE,Commercial Power,All Sources,6,2,4.5,4.5
2013,NE,Commercial Power,Other Biomass,6,2,4.5,4.5
2013,NE,"Electric Generators, Electric Utilities",All Sources,263,79,8378.5,7911.1
2013,NE,"Electric Generators, Electric Utilities",Coal,17,7,4189.7,4096.6
2013,NE,"Electric Generators, Electric Utilities",Hydroelectric,22,11,332.3,277.8
2013,NE,"Electric Generators, Electric Utilities",Natural Gas,112,34,2114.8,1899.1
2013,NE,"Electric Generators, Electric Utilities",Nuclear,2,2,1303,1244.6
2013,NE,"Electric Generators, Electric Utilities",Other Biomass,8,1,6.4,6.4
2013,NE,"Electric Generators, Electric Utilities",Petroleum,98,36,361.2,315.3
2013,NE,"Electric Generators, Electric Utilities",Wind,4,3,71.1,71.3
2013,NE,"Electric Generators, Independent Power Producers",All Sources,9,8,459.1,459.1
2013,NE,"Electric Generators, Independent Power Producers",Wind,9,8,459.1,459.1
2013,NE,Industrial Power,All Sources,3,3,84.3,73.9
2013,NE,Industrial Power,Coal,3,3,84.3,73.9
2013,NE,Total Electric Power Industry,All Sources,281,92,8926.4,8448.6
2013,NE,Total Electric Power Industry,Coal,20,10,4274,4170.5
2013,NE,Total Electric Power Industry,Hydroelectric,22,11,332.3,277.8
2013,NE,Total Electric Power Industry,Natural Gas,112,34,2114.8,1899.1
2013,NE,Total Electric Power Industry,Nuclear,2,2,1303,1244.6
2013,NE,Total Electric Power Industry,Other Biomass,14,3,10.9,10.9
2013,NE,Total Electric Power Industry,Petroleum,98,36,361.2,315.3
2013,NE,Total Electric Power Industry,Wind,13,11,530.2,530.4
2014,NE,Commercial Power,All Sources,6,2,4.5,4.5
2014,NE,Commercial Power,Other Biomass,6,2,4.5,4.5
2014,NE,"Electric Generators, Electric Utilities",All Sources,266,79,8383.3,7913.4
2014,NE,"Electric Generators, Electric Utilities",Coal,17,7,4189.7,4094
2014,NE,"Electric Generators, Electric Utilities",Hydroelectric,22,11,332.3,277.8
2014,NE,"Electric Generators, Electric Utilities",Natural Gas,112,34,2114.8,1902.8
2014,NE,"Electric Generators, Electric Utilities",Nuclear,2,2,1303,1242.6
2014,NE,"Electric Generators, Electric Utilities",Other Biomass,11,2,11.2,11.2
2014,NE,"Electric Generators, Electric Utilities",Petroleum,98,36,361.2,313.7
2014,NE,"Electric Generators, Electric Utilities",Wind,4,3,71.1,71.3
2014,NE,"Electric Generators, Independent Power Producers",All Sources,12,11,740.6,740.6
2014,NE,"Electric Generators, Independent Power Producers",Wind,12,11,740.6,740.6
2014,NE,Industrial Power,All Sources,3,3,84.3,73.9
2014,NE,Industrial Power,Coal,3,3,84.3,73.9
2014,NE,Total Electric Power Industry,All Sources,287,95,9212.7,8732.4
2014,NE,Total Electric Power Industry,Coal,20,10,4274,4167.9
2014,NE,Total Electric Power Industry,Hydroelectric,22,11,332.3,277.8
2014,NE,Total Electric Power Industry,Natural Gas,112,34,2114.8,1902.8
2014,NE,Total Electric Power Industry,Nuclear,2,2,1303,1242.6
2014,NE,Total Electric Power Industry,Other Biomass,17,4,15.7,15.7
2014,NE,Total Electric Power Industry,Petroleum,98,36,361.2,313.7
2014,NE,Total Electric Power Industry,Wind,16,14,811.7,811.9
2015,NE,Commercial Power,All Sources,6,2,4.5,4.5
2015,NE,Commercial Power,Other Biomass,6,2,4.5,4.5
2015,NE,"Electric Generators, Electric Utilities",All Sources,266,79,8383.3,7765.7
2015,NE,"Electric Generators, Electric Utilities",Coal,17,7,4189.7,3942.1
2015,NE,"Electric Generators, Electric Utilities",Hydroelectric,22,11,332.3,277.9
2015,NE,"Electric Generators, Electric Utilities",Natural Gas,112,34,2114.8,1907.4
2015,NE,"Electric Generators, Electric Utilities",Nuclear,2,2,1303,1242.1
2015,NE,"Electric Generators, Electric Utilities",Other Biomass,11,2,11.2,11.2
2015,NE,"Electric Generators, Electric Utilities",Petroleum,98,36,361.2,313.7
2015,NE,"Electric Generators, Electric Utilities",Wind,4,3,71.1,71.3
2015,NE,"Electric Generators, Independent Power Producers",All Sources,13,12,814,814
2015,NE,"Electric Generators, Independent Power Producers",Wind,13,12,814,814
2015,NE,Industrial Power,All Sources,3,3,84.3,73.9
2015,NE,Industrial Power,Coal,3,3,84.3,73.9
2015,NE,Total Electric Power Industry,All Sources,288,96,9286.1,8658.1
2015,NE,Total Electric Power Industry,Coal,20,10,4274,4016
2015,NE,Total Electric Power Industry,Hydroelectric,22,11,332.3,277.9
2015,NE,Total Electric Power Industry,Natural Gas,112,34,2114.8,1907.4
2015,NE,Total Electric Power Industry,Nuclear,2,2,1303,1242.1
2015,NE,Total Electric Power Industry,Other Biomass,17,4,15.7,15.7
2015,NE,Total Electric Power Industry,Petroleum,98,36,361.2,313.7
2015,NE,Total Electric Power Industry,Wind,17,15,885.1,885.3
2016,NE,Commercial Power,All Sources,6,2,4.5,4.5
2016,NE,Commercial Power,Other Biomass,6,2,4.5,4.5
2016,NE,"Electric Generators, Electric Utilities",All Sources,255,77,7701.1,7171.5
2016,NE,"Electric Generators, Electric Utilities",Coal,14,7,3898.6,3743.4
2016,NE,"Electric Generators, Electric Utilities",Hydroelectric,19,10,200,175.9
2016,NE,"Electric Generators, Electric Utilities",Natural Gas,109,35,2358.5,2085.5
2016,NE,"Electric Generators, Electric Utilities",Nuclear,1,1,801,771.5
2016,NE,"Electric Generators, Electric Utilities",Other Biomass,11,2,11.2,11.2
2016,NE,"Electric Generators, Electric Utilities",Petroleum,97,36,360.7,312.7
2016,NE,"Electric Generators, Electric Utilities",Wind,4,3,71.1,71.3
2016,NE,"Electric Generators, Independent Power Producers",All Sources,19,18,1264.6,1264.6
2016,NE,"Electric Generators, Independent Power Producers",Solar Thermal and Photovoltaic,2,2,6.3,6.3
2016,NE,"Electric Generators, Independent Power Producers",Wind,17,16,1258.3,1258.3
2016,NE,Industrial Power,All Sources,3,3,84.3,73.9
2016,NE,Industrial Power,Coal,3,3,84.3,73.9
2016,NE,Total Electric Power Industry,All Sources,283,100,9054.5,8514.5
2016,NE,Total Electric Power Industry,Coal,17,10,3982.9,3817.3
2016,NE,Total Electric Power Industry,Hydroelectric,19,10,200,175.9
2016,NE,Total Electric Power Industry,Natural Gas,109,35,2358.5,2085.5
2016,NE,Total Electric Power Industry,Nuclear,1,1,801,771.5
2016,NE,Total Electric Power Industry,Other Biomass,17,4,15.7,15.7
2016,NE,Total Electric Power Industry,Petroleum,97,36,360.7,312.7
2016,NE,Total Electric Power Industry,Solar Thermal and Photovoltaic,2,2,6.3,6.3
2016,NE,Total Electric Power Industry,Wind,21,19,1329.4,1329.6
2017,NE,Commercial Power,All Sources,6,2,4.5,4.5
2017,NE,Commercial Power,Other Biomass,6,2,4.5,4.5
2017,NE,"Electric Generators, Electric Utilities",,2,1,190.8,183
2017,NE,"Electric Generators, Electric Utilities",All Sources,248,75,7616.4,7090.4
2017,NE,"Electric Generators, Electric Utilities",Coal,14,7,3898.6,3743.4
2017,NE,"Electric Generators, Electric Utilities",Hydroelectric,19,10,200,173.9
2017,NE,"Electric Generators, Electric Utilities",Natural Gas,95,32,2011.7,1754.9
2017,NE,"Electric Generators, Electric Utilities",Nuclear,1,1,801,770
2017,NE,"Electric Generators, Electric Utilities",Other,1,1,72.4,72
2017,NE,"Electric Generators, Electric Utilities",Other Biomass,11,2,11.2,11.2
2017,NE,"Electric Generators, Electric Utilities",Petroleum,102,37,370.1,321.2
2017,NE,"Electric Generators, Electric Utilities",Wind,3,2,60.6,60.8
2017,NE,"Electric Generators, Independent Power Producers",All Sources,26,23,1372.2,1372.2
2017,NE,"Electric Generators, Independent Power Producers",Solar Thermal and Photovoltaic,4,4,15.6,15.6
2017,NE,"Electric Generators, Independent Power Producers",Wind,22,19,1356.6,1356.6
2017,NE,Industrial Power,All Sources,3,3,84.3,73.9
2017,NE,Industrial Power,Coal,3,3,84.3,73.9
2017,NE,Total Electric Power Industry,,2,1,190.8,183
2017,NE,Total Electric Power Industry,All Sources,283,103,9077.4,8541
2017,NE,Total Electric Power Industry,Coal,17,10,3982.9,3817.3
2017,NE,Total Electric Power Industry,Hydroelectric,19,10,200,173.9
2017,NE,Total Electric Power Industry,Natural Gas,95,32,2011.7,1754.9
2017,NE,Total Electric Power Industry,Nuclear,1,1,801,770
2017,NE,Total Electric Power Industry,Other,1,1,72.4,72
2017,NE,Total Electric Power Industry,Other Biomass,17,4,15.7,15.7
2017,NE,Total Electric Power Industry,Petroleum,102,37,370.1,321.2
2017,NE,Total Electric Power Industry,Solar Thermal and Photovoltaic,4,4,15.6,15.6
2017,NE,Total Electric Power Industry,Wind,25,21,1417.2,1417.4
2018,NE,Commercial Power,All Sources,6,2,4.5,4.5
2018,NE,Commercial Power,Other Biomass,6,2,4.5,4.5
2018,NE,"Electric Generators, Electric Utilities",All Sources,255,76,7801.9,7291.2
2018,NE,"Electric Generators, Electric Utilities",Coal,14,7,3898.6,3793.1
2018,NE,"Electric Generators, Electric Utilities",Hydroelectric,22,11,332.3,277.9
2018,NE,"Electric Generators, Electric Utilities",Natural Gas,99,33,2284.9,2013
2018,NE,"Electric Generators, Electric Utilities",Nuclear,1,1,801,770
2018,NE,"Electric Generators, Electric Utilities",Other Biomass,11,2,11.2,11.2
2018,NE,"Electric Generators, Electric Utilities",Petroleum,102,37,370.1,322
2018,NE,"Electric Generators, Electric Utilities",Solar Thermal and Photovoltaic,2,1,2.3,2.3
2018,NE,"Electric Generators, Electric Utilities",Wind,4,3,101.5,101.7
2018,NE,"Electric Generators, Independent Power Producers",All Sources,32,27,1614.1,1614.2
2018,NE,"Electric Generators, Independent Power Producers",Solar Thermal and Photovoltaic,4,4,15.6,15.7
2018,NE,"Electric Generators, Independent Power Producers",Wind,28,23,1598.5,1598.5
2018,NE,Industrial Power,All Sources,3,3,84.3,73.9
2018,NE,Industrial Power,Coal,3,3,84.3,73.9
2018,NE,Total Electric Power Industry,All Sources,296,108,9504.8,8983.8
2018,NE,Total Electric Power Industry,Coal,17,10,3982.9,3867
2018,NE,Total Electric Power Industry,Hydroelectric,22,11,332.3,277.9
2018,NE,Total Electric Power Industry,Natural Gas,99,33,2284.9,2013
2018,NE,Total Electric Power Industry,Nuclear,1,1,801,770
2018,NE,Total Electric Power Industry,Other Biomass,17,4,15.7,15.7
2018,NE,Total Electric Power Industry,Petroleum,102,37,370.1,322
2018,NE,Total Electric Power Industry,Solar Thermal and Photovoltaic,6,5,17.9,18
2018,NE,Total Electric Power Industry,Wind,32,26,1700,1700.2
2019,NE,Commercial Power,All Sources,6,2,4.5,4.5
2019,NE,Commercial Power,Other Biomass,6,2,4.5,4.5
2019,NE,"Electric Generators, Electric Utilities",All Sources,248,76,7796,7287.6
2019,NE,"Electric Generators, Electric Utilities",Coal,14,7,3898.6,3793.1
2019,NE,"Electric Generators, Electric Utilities",Hydroelectric,20,10,329.9,279.7
2019,NE,"Electric Generators, Electric Utilities",Natural Gas,98,33,2280.8,2008.3
2019,NE,"Electric Generators, Electric Utilities",Nuclear,1,1,801,770
2019,NE,"Electric Generators, Electric Utilities",Other Biomass,11,2,11.2,11.2
2019,NE,"Electric Generators, Electric Utilities",Petroleum,97,37,369.2,321
2019,NE,"Electric Generators, Electric Utilities",Solar Thermal and Photovoltaic,3,2,3.8,2.6
2019,NE,"Electric Generators, Electric Utilities",Wind,4,3,101.5,101.7
2019,NE,"Electric Generators, Independent Power Producers",All Sources,36,31,2099.7,2099.8
2019,NE,"Electric Generators, Independent Power Producers",Solar Thermal and Photovoltaic,5,5,20.6,20.7
2019,NE,"Electric Generators, Independent Power Producers",Wind,31,26,2079.1,2079.1
2019,NE,Industrial Power,All Sources,3,3,84.3,73.9
2019,NE,Industrial Power,Coal,3,3,84.3,73.9
2019,NE,Total Electric Power Industry,All Sources,293,112,9984.5,9465.8
2019,NE,Total Electric Power Industry,Coal,17,10,3982.9,3867
2019,NE,Total Electric Power Industry,Hydroelectric,20,10,329.9,279.7
2019,NE,Total Electric Power Industry,Natural Gas,98,33,2280.8,2008.3
2019,NE,Total Electric Power Industry,Nuclear,1,1,801,770
2019,NE,Total Electric Power Industry,Other Biomass,17,4,15.7,15.7
2019,NE,Total Electric Power Industry,Petroleum,97,37,369.2,321
2019,NE,Total Electric Power Industry,Solar Thermal and Photovoltaic,8,7,24.4,23.3
2019,NE,Total Electric Power Industry,Wind,35,29,2180.6,2180.8
2020,NE,Commercial Power,All Sources,6,2,4.5,4.5
2020,NE,Commercial Power,Other Biomass,6,2,4.5,4.5
2020,NE,"Electric Generators, Electric Utilities",All Sources,250,77,7800,7268.8
2020,NE,"Electric Generators, Electric Utilities",Coal,14,7,3898.6,3793.1
2020,NE,"Electric Generators, Electric Utilities",Hydroelectric,20,10,329.9,279.7
2020,NE,"Electric Generators, Electric Utilities",Natural Gas,90,31,2215.8,1959.2
2020,NE,"Electric Generators, Electric Utilities",Nuclear,1,1,801,770
2020,NE,"Electric Generators, Electric Utilities",Other Biomass,11,2,11.2,11
2020,NE,"Electric Generators, Electric Utilities",Petroleum,107,41,438.2,351.5
2020,NE,"Electric Generators, Electric Utilities",Solar Thermal and Photovoltaic,3,2,3.8,2.6
2020,NE,"Electric Generators, Electric Utilities",Wind,4,3,101.5,101.7
2020,NE,"Electric Generators, Independent Power Producers",All Sources,40,34,2499.1,2499.2
2020,NE,"Electric Generators, Independent Power Producers",Solar Thermal and Photovoltaic,6,6,25,25.1
2020,NE,"Electric Generators, Independent Power Producers",Wind,34,28,2474.1,2474.1
2020,NE,Industrial Power,All Sources,3,3,84.3,73.9
2020,NE,Industrial Power,Coal,3,3,84.3,73.9
2020,NE,Total Electric Power Industry,All Sources,299,116,10387.9,9846.4
2020,NE,Total Electric Power Industry,Coal,17,10,3982.9,3867
2020,NE,Total Electric Power Industry,Hydroelectric,20,10,329.9,279.7
2020,NE,Total Electric Power Industry,Natural Gas,90,31,2215.8,1959.2
2020,NE,Total Electric Power Industry,Nuclear,1,1,801,770
2020,NE,Total Electric Power Industry,Other Biomass,17,4,15.7,15.5
2020,NE,Total Electric Power Industry,Petroleum,107,41,438.2,351.5
2020,NE,Total Electric Power Industry,Solar Thermal and Photovoltaic,9,8,28.8,27.7
2020,NE,Total Electric Power Industry,Wind,38,31,2575.6,2575.8
2021,NE,Commercial Power,All Sources,6,2,4.5,4.5
2021,NE,Commercial Power,Other Biomass,6,2,4.5,4.5
2021,NE,"Electric Generators, Electric Utilities",All Sources,250,77,7800,7290.9
2021,NE,"Electric Generators, Electric Utilities",Coal,14,7,3898.6,3793.1
2021,NE,"Electric Generators, Electric Utilities",Hydroelectric,20,10,329.9,279.7
2021,NE,"Electric Generators, Electric Utilities",Natural Gas,86,28,2181.5,1923.5
2021,NE,"Electric Generators, Electric Utilities",Nuclear,1,1,801,770
2021,NE,"Electric Generators, Electric Utilities",Other Biomass,11,2,11.2,11
2021,NE,"Electric Generators, Electric Utilities",Petroleum,111,44,472.5,409.3
2021,NE,"Electric Generators, Electric Utilities",Solar Thermal and Photovoltaic,3,2,3.8,2.6
2021,NE,"Electric Generators, Electric Utilities",Wind,4,3,101.5,101.7
2021,NE,"Electric Generators, Independent Power Producers",All Sources,49,40,2892.1,2886.3
2021,NE,"Electric Generators, Independent Power Producers",Other,3,3,2.9,2.9
2021,NE,"Electric Generators, Independent Power Producers",Solar Thermal and Photovoltaic,10,10,29.4,29.5
2021,NE,"Electric Generators, Independent Power Producers",Wind,36,29,2859.8,2853.9
2021,NE,Industrial Power,All Sources,3,3,84.3,73.9
2021,NE,Industrial Power,Coal,3,3,84.3,73.9
2021,NE,Total Electric Power Industry,All Sources,308,122,10780.9,10255.6
2021,NE,Total Electric Power Industry,Coal,17,10,3982.9,3867
2021,NE,Total Electric Power Industry,Hydroelectric,20,10,329.9,279.7
2021,NE,Total Electric Power Industry,Natural Gas,86,28,2181.5,1923.5
2021,NE,Total Electric Power Industry,Nuclear,1,1,801,770
2021,NE,Total Electric Power Industry,Other,3,3,2.9,2.9
2021,NE,Total Electric Power Industry,Other Biomass,17,4,15.7,15.5
2021,NE,Total Electric Power Industry,Petroleum,111,44,472.5,409.3
2021,NE,Total Electric Power Industry,Solar Thermal and Photovoltaic,13,12,33.2,32.1
2021,NE,Total Electric Power Industry,Wind,40,32,2961.3,2955.6
2022,NE,Commercial Power,All Sources,6,2,4.5,4.5
2022,NE,Commercial Power,Other Biomass,6,2,4.5,4.5
2022,NE,"Electric Generators, Electric Utilities",All Sources,245,76,7758,7222.2
2022,NE,"Electric Generators, Electric Utilities",Coal,14,7,3898.6,3771.7
2022,NE,"Electric Generators, Electric Utilities",Hydroelectric,20,10,329.9,279.7
2022,NE,"Electric Generators, Electric Utilities",Natural Gas,95,33,2224,1962.3
2022,NE,"Electric Generators, Electric Utilities",Nuclear,1,1,801,770
2022,NE,"Electric Generators, Electric Utilities",Other Biomass,11,2,11.2,11
2022,NE,"Electric Generators, Electric Utilities",Petroleum,98,39,428.9,364.1
2022,NE,"Electric Generators, Electric Utilities",Solar Thermal and Photovoltaic,3,2,3.8,2.6
2022,NE,"Electric Generators, Electric Utilities",Wind,3,2,60.6,60.8
2022,NE,"Electric Generators, Independent Power Producers",All Sources,55,44,3506.3,3499.4
2022,NE,"Electric Generators, Independent Power Producers",Other,4,4,5,3.9
2022,NE,"Electric Generators, Independent Power Producers",Solar Thermal and Photovoltaic,11,11,37.9,38
2022,NE,"Electric Generators, Independent Power Producers",Wind,40,32,3463.4,3457.5
2022,NE,Industrial Power,All Sources,3,3,84.3,73.9
2022,NE,Industrial Power,Coal,3,3,84.3,73.9
2022,NE,Total Electric Power Industry,All Sources,309,125,11353.1,10800
2022,NE,Total Electric Power Industry,Coal,17,10,3982.9,3845.6
2022,NE,Total Electric Power Industry,Hydroelectric,20,10,329.9,279.7
2022,NE,Total Electric Power Industry,Natural Gas,95,33,2224,1962.3
2022,NE,Total Electric Power Industry,Nuclear,1,1,801,770
2022,NE,Total Electric Power Industry,Other,4,4,5,3.9
2022,NE,Total Electric Power Industry,Other Biomass,17,4,15.7,15.5
2022,NE,Total Electric Power Industry,Petroleum,98,39,428.9,364.1
2022,NE,Total Electric Power Industry,Solar Thermal and Photovoltaic,14,13,41.7,40.6
2022,NE,Total Electric Power Industry,Wind,43,34,3524,3518.3
2023,NE,Commercial Power,All Sources,6,2,4.5,4.5
2023,NE,Commercial Power,Other Biomass,6,2,4.5,4.5
2023,NE,"Electric Generators, Electric Utilities",All Sources,237,76,7750.5,7202.5
2023,NE,"Electric Generators, Electric Utilities",Coal,14,7,3898.6,3756.9
2023,NE,"Electric Generators, Electric Utilities",Hydroelectric,20,10,329.9,279.7
2023,NE,"Electric Generators, Electric Utilities",Natural Gas,91,32,2218.2,1958.4
2023,NE,"Electric Generators, Electric Utilities",Nuclear,1,1,801,768.5
2023,NE,"Electric Generators, Electric Utilities",Other,1,1,1,1
2023,NE,"Electric Generators, Electric Utilities",Other Biomass,11,2,11.2,11
2023,NE,"Electric Generators, Electric Utilities",Petroleum,93,39,426.2,363.6
2023,NE,"Electric Generators, Electric Utilities",Solar Thermal and Photovoltaic,3,2,3.8,2.6
2023,NE,"Electric Generators, Electric Utilities",Wind,3,2,60.6,60.8
2023,NE,"Electric Generators, Independent Power Producers",All Sources,55,44,3506.3,3499.4
2023,NE,"Electric Generators, Independent Power Producers",Other,4,4,5,3.9
2023,NE,"Electric Generators, Independent Power Producers",Solar Thermal and Photovoltaic,11,11,37.9,38
2023,NE,"Electric Generators, Independent Power Producers",Wind,40,32,3463.4,3457.5
2023,NE,Industrial Power,All Sources,3,3,86.4,74.5
2023,NE,Industrial Power,Coal,2,2,79.3,68.9
2023,NE,Industrial Power,Natural Gas,1,1,7.1,5.6
2023,NE,Total Electric Power Industry,All Sources,301,125,11347.7,10780.9
2023,NE,Total Electric Power Industry,Coal,16,9,3977.9,3825.8
2023,NE,Total Electric Power Industry,Hydroelectric,20,10,329.9,279.7
2023,NE,Total Electric Power Industry,Natural Gas,92,33,2225.3,1964
2023,NE,Total Electric Power Industry,Nuclear,1,1,801,768.5
2023,NE,Total Electric Power Industry,Other,5,5,6,4.9
2023,NE,Total Electric Power Industry,Other Biomass,17,4,15.7,15.5
2023,NE,Total Electric Power Industry,Petroleum,93,39,426.2,363.6
2023,NE,Total Electric Power Industry,Solar Thermal and Photovoltaic,14,13,41.7,40.6
2023,NE,Total Electric Power Industry,Wind,43,34,3524,3518.3
2024,NE,Commercial Power,All Sources,6,2,4.5,4.5
2024,NE,Commercial Power,Natural Gas,3,1,1.5,1.5
2024,NE,Commercial Power,Other Biomass,3,1,3,3
2024,NE,"Electric Generators, Electric Utilities",All Sources,238,80,7757.7,7208.8
2024,NE,"Electric Generators, Electric Utilities",Coal,14,7,3898.6,3756.9
2024,NE,"Electric Generators, Electric Utilities",Hydroelectric,20,10,329.9,278.8
2024,NE,"Electric Generators, Electric Utilities",Natural Gas,87,31,2201.6,1942
2024,NE,"Electric Generators, Electric Utilities",Nuclear,1,1,801,768.5
2024,NE,"Electric Generators, Electric Utilities",Other,1,1,1,1
2024,NE,"Electric Generators, Electric Utilities",Other Biomass,11,2,11.2,11
2024,NE,"Electric Generators, Electric Utilities",Petroleum,94,38,436.3,373.7
2024,NE,"Electric Generators, Electric Utilities",Solar Thermal and Photovoltaic,9,8,18.7,17.5
2024,NE,"Electric Generators, Electric Utilities",Wind,1,1,59.4,59.4
2024,NE,"Electric Generators, Independent Power Producers",All Sources,56,45,3587.3,3580.4
2024,NE,"Electric Generators, Independent Power Producers",Other,4,4,5,3.9
2024,NE,"Electric Generators, Independent Power Producers",Solar Thermal and Photovoltaic,12,12,118.9,119
2024,NE,"Electric Generators, Independent Power Producers",Wind,40,32,3463.4,3457.5
2024,NE,Industrial Power,All Sources,3,3,86.4,74.5
2024,NE,Industrial Power,Coal,1,1,71.4,61
2024,NE,Industrial Power,Natural Gas,2,2,15,13.5
2024,NE,Total Electric Power Industry,All Sources,303,130,11435.9,10868.2
2024,NE,Total Electric Power Industry,Coal,15,8,3970,3817.9
2024,NE,Total Electric Power Industry,Hydroelectric,20,10,329.9,278.8
2024,NE,Total Electric Power Industry,Natural Gas,92,34,2218.1,1957
2024,NE,Total Electric Power Industry,Nuclear,1,1,801,768.5
2024,NE,Total Electric Power Industry,Other,5,5,6,4.9
2024,NE,Total Electric Power Industry,Other Biomass,14,3,14.2,14
2024,NE,Total Electric Power Industry,Petroleum,94,38,436.3,373.7
2024,NE,Total Electric Power Industry,Solar Thermal and Photovoltaic,21,20,137.6,136.5
2024,NE,Total Electric Power Industry,Wind,41,33,3522.8,3516.9
