Entity ID,Entity Name,Plant ID,Plant Name,Google Map,Bing Map,Plant State,County,Balancing Authority Code,Sector,Generator ID,Unit Code,Nameplate Capacity (MW),Net Summer Capacity (MW),Net Winter Capacity (MW),Technology,Energy Source Code,Prime Mover Code,Operating Month,Operating Year,Planned Retirement Month,Planned Retirement Year,Status,Nameplate Energy Capacity (MWh),DC Net Capacity (MW),Planned Derate Year,Planned Derate Month,Planned Derate of Summer Capacity (MW),Planned Uprate Year,Planned Uprate Month,Planned Uprate of Summer Capacity (MW),Latitude,Longitude
40606,City of Grand Island - (NE),59,Platte,Map,Map,NE,Hall,SWPP,Electric Utility,1,,109.8,100,100,Conventional Steam Coal,SUB,ST,12,1982, , ,(OP) Operating, , , , , , , , ,40.854765,-98.34822
8245,City of Hastings - (NE),60,Whelan Energy Center,Map,Map,NE,Adams,SWPP,Electric Utility,1,,76.3,76,76,Conventional Steam Coal,SUB,ST,7,1981, , ,(OP) Operating, , , , , , , , ,40.580872,-98.31244
8245,City of Hastings - (NE),60,Whelan Energy Center,Map,Map,NE,Adams,SWPP,Electric Utility,2,,248,220,220,Conventional Steam Coal,SUB,ST,6,2011, , ,(OP) Operating, , , , , , , , ,40.580872,-98.31244
3271,Central Nebraska Pub P&I Dist,785,Kingsley,Map,Map,NE,Keith,SWPP,Electric Utility,1,,50,41,41,Conventional Hydroelectric,WAT,HY,11,1984, , ,(OP) Operating, , , , , , , , ,41.2114,-101.6681
695,City of Ansley - (NE),2214,Ansley,Map,Map,NE,Custer,SWPP,Electric Utility,2,,0.9,0.8,0.8,Natural Gas Internal Combustion Engine,NG,IC,10,1976, , ,(OP) Operating, , , , , , , , ,41.289185,-99.38634
695,City of Ansley - (NE),2214,Ansley,Map,Map,NE,Custer,SWPP,Electric Utility,3,,0.6,0.5,0.5,Petroleum Liquids,DFO,IC,6,1969, , ,(OP) Operating, , , , , , , , ,41.289185,-99.38634
993,Auburn Board of Public Works,2215,Auburn,Map,Map,NE,Nemaha,SWPP,Electric Utility,1,,2.4,2.2,2.4,Natural Gas Internal Combustion Engine,NG,IC,4,1982, , ,(OP) Operating, , , , , , , , ,40.3883,-95.8464
993,Auburn Board of Public Works,2215,Auburn,Map,Map,NE,Nemaha,SWPP,Electric Utility,2,,1,0.9,1,Natural Gas Internal Combustion Engine,NG,IC,6,1949, , ,(OP) Operating, , , , , , , , ,40.3883,-95.8464
993,Auburn Board of Public Works,2215,Auburn,Map,Map,NE,Nemaha,SWPP,Electric Utility,4A,,3.7,3.7,3.7,Natural Gas Internal Combustion Engine,NG,IC,6,1993, , ,(OP) Operating, , , , , , , , ,40.3883,-95.8464
993,Auburn Board of Public Works,2215,Auburn,Map,Map,NE,Nemaha,SWPP,Electric Utility,5,,3.3,3,3.3,Natural Gas Internal Combustion Engine,NG,IC,7,1973, , ,(OP) Operating, , , , ,0, , ,0,40.3883,-95.8464
993,Auburn Board of Public Works,2215,Auburn,Map,Map,NE,Nemaha,SWPP,Electric Utility,6,,2.7,2.5,2.7,Natural Gas Internal Combustion Engine,NG,IC,5,1967, , ,(OP) Operating, , , , , , , , ,40.3883,-95.8464
993,Auburn Board of Public Works,2215,Auburn,Map,Map,NE,Nemaha,SWPP,Electric Utility,7,,5.6,5.2,5.6,Natural Gas Internal Combustion Engine,NG,IC,7,1987, , ,(OP) Operating, , , , , , , , ,40.3883,-95.8464
1435,City of Beaver City - (NE),2217,Beaver City,Map,Map,NE,Furnas,SWPP,Electric Utility,1,,0.5,0.4,0.4,Petroleum Liquids,DFO,IC,10,1957, , ,(OP) Operating, , , , , , , , ,40.130304,-99.82777
1435,City of Beaver City - (NE),2217,Beaver City,Map,Map,NE,Furnas,SWPP,Electric Utility,2,,0.3,0.3,0.3,Natural Gas Internal Combustion Engine,NG,IC,9,1963, , ,(OP) Operating, , , , , , , , ,40.130304,-99.82777
1435,City of Beaver City - (NE),2217,Beaver City,Map,Map,NE,Furnas,SWPP,Electric Utility,3,,0.3,0.2,0.2,Petroleum Liquids,DFO,IC,10,1947, , ,(OP) Operating, , , , , , , , ,40.130304,-99.82777
1435,City of Beaver City - (NE),2217,Beaver City,Map,Map,NE,Furnas,SWPP,Electric Utility,4,,0.9,0.8,0.9,Natural Gas Internal Combustion Engine,NG,IC,9,1967, , ,(OP) Operating, , , , , , , , ,40.130304,-99.82777
2277,City of Broken Bow - (NE),2221,Broken Bow,Map,Map,NE,Custer,SWPP,Electric Utility,1,,0.5,0.5,0.5,Petroleum Liquids,DFO,IC,12,1936, , ,(OP) Operating, , , , , , , , ,41.4031,-99.6392
2277,City of Broken Bow - (NE),2221,Broken Bow,Map,Map,NE,Custer,SWPP,Electric Utility,2,,3.5,3.5,3.5,Natural Gas Internal Combustion Engine,NG,IC,12,1970, , ,(OP) Operating, , , , , , , , ,41.4031,-99.6392
2277,City of Broken Bow - (NE),2221,Broken Bow,Map,Map,NE,Custer,SWPP,Electric Utility,3,,0.8,0.7,0.7,Petroleum Liquids,DFO,IC,12,1945, , ,(OP) Operating, , , , , , , , ,41.4031,-99.6392
2277,City of Broken Bow - (NE),2221,Broken Bow,Map,Map,NE,Custer,SWPP,Electric Utility,4,,0.8,0.7,0.7,Natural Gas Internal Combustion Engine,NG,IC,12,1951, , ,(OP) Operating, , , , , , , , ,41.4031,-99.6392
2277,City of Broken Bow - (NE),2221,Broken Bow,Map,Map,NE,Custer,SWPP,Electric Utility,5,,1,1,1,Natural Gas Internal Combustion Engine,NG,IC,12,1951, , ,(OP) Operating, , , , , , , , ,41.4031,-99.6392
2277,City of Broken Bow - (NE),2221,Broken Bow,Map,Map,NE,Custer,SWPP,Electric Utility,6,,2.1,2,2,Natural Gas Internal Combustion Engine,NG,IC,12,1961, , ,(OP) Operating, , , , , , , , ,41.4031,-99.6392
2609,City of Burwell - (NE),2222,Burwell,Map,Map,NE,Garfield,SWPP,Electric Utility,1,,1.3,1.3,1.3,Petroleum Liquids,DFO,IC,10,1972, , ,(OP) Operating, , , , , , , , ,41.780313,-99.13607
2609,City of Burwell - (NE),2222,Burwell,Map,Map,NE,Garfield,SWPP,Electric Utility,2,,1.1,1.1,1.1,Petroleum Liquids,DFO,IC,1,1968, , ,(OP) Operating, , , , , , , , ,41.780313,-99.13607
2609,City of Burwell - (NE),2222,Burwell,Map,Map,NE,Garfield,SWPP,Electric Utility,3,,0.9,0.9,0.9,Petroleum Liquids,DFO,IC,7,1960, , ,(OP) Operating, , , , , , , , ,41.780313,-99.13607
2609,City of Burwell - (NE),2222,Burwell,Map,Map,NE,Garfield,SWPP,Electric Utility,4,,0.6,0.6,0.6,Petroleum Liquids,DFO,IC,3,1955, , ,(SB) Standby/Backup: available for service but not normally used, , , , , , , , ,41.780313,-99.13607
2888,City of Cambridge - (NE),2223,Cambridge,Map,Map,NE,Furnas,SWPP,Electric Utility,CAT1,,2,2,2,Petroleum Liquids,DFO,IC,6,2005, , ,(SB) Standby/Backup: available for service but not normally used, , , , , , , , ,40.286178,-100.1768
2888,City of Cambridge - (NE),2223,Cambridge,Map,Map,NE,Furnas,SWPP,Electric Utility,CAT2,,2,2,2,Petroleum Liquids,DFO,IC,6,2005, , ,(OP) Operating, , , , , , , , ,40.286178,-100.1768
2931,Village of Campbell - (NE),2225,Campbell Village,Map,Map,NE,Franklin,SWPP,Electric Utility,IC4,,1,1,1,Petroleum Liquids,DFO,IC,9,1983, , ,(SB) Standby/Backup: available for service but not normally used, , , , , , , , ,40.2992,-98.7331
13337,Nebraska Public Power District,2226,Canaday,Map,Map,NE,Gosper,SWPP,Electric Utility,1,,108.8,99.3,99.3,Natural Gas Steam Turbine,NG,ST,1,1958, , ,(OP) Operating, , , , , , , , ,40.6942,-99.7011
3271,Central Nebraska Pub P&I Dist,2227,Jeffrey,Map,Map,NE,Lincoln,SWPP,Electric Utility,1,,10.8,10.5,10.5,Conventional Hydroelectric,WAT,HY,1,1941, , ,(OP) Operating, , , , , , , , ,40.959405,-100.3979
3271,Central Nebraska Pub P&I Dist,2227,Jeffrey,Map,Map,NE,Lincoln,SWPP,Electric Utility,2,,10.8,10.5,10.5,Conventional Hydroelectric,WAT,HY,1,1941, , ,(OP) Operating, , , , , , , , ,40.959405,-100.3979
3271,Central Nebraska Pub P&I Dist,2228,Johnson 1,Map,Map,NE,Gosper,SWPP,Electric Utility,1,,10.8,10,10,Conventional Hydroelectric,WAT,HY,4,1941, , ,(OP) Operating, , , , , , , , ,40.6936,-99.8178
3271,Central Nebraska Pub P&I Dist,2228,Johnson 1,Map,Map,NE,Gosper,SWPP,Electric Utility,2,,10.8,10,10,Conventional Hydroelectric,WAT,HY,4,1941, , ,(OP) Operating, , , , , , , , ,40.6936,-99.8178
3271,Central Nebraska Pub P&I Dist,2229,Johnson 2,Map,Map,NE,Gosper,SWPP,Electric Utility,1,,22.5,22.5,22.5,Conventional Hydroelectric,WAT,HY,4,1941, , ,(OP) Operating, , , , , , , , ,40.6839,-99.7447
3373,City of Chappell - (NE),2230,Chappell,Map,Map,NE,Deuel,SWPP,Electric Utility,5,,1.1,1,1,Petroleum Liquids,DFO,IC,8,1982, , ,(OP) Operating, , , , , , , , ,41.092589,-102.4715
4527,City of Crete,2231,Crete,Map,Map,NE,Saline,SWPP,Electric Utility,7,,6,6,6.1,Natural Gas Internal Combustion Engine,NG,IC,6,1973, , ,(OP) Operating, , , , , , , , ,40.6253,-96.9601
4661,City of Curtis - (NE),2232,Curtis,Map,Map,NE,Frontier,SWPP,Electric Utility,2,,0.9,0.8,0.8,Natural Gas Internal Combustion Engine,NG,IC,1,1955, , ,(OP) Operating, , , , , , , , ,40.631453,-100.5152
4661,City of Curtis - (NE),2232,Curtis,Map,Map,NE,Frontier,SWPP,Electric Utility,3,,1.1,1,1,Natural Gas Internal Combustion Engine,NG,IC,1,1969, , ,(OP) Operating, , , , , , , , ,40.631453,-100.5152
4661,City of Curtis - (NE),2232,Curtis,Map,Map,NE,Frontier,SWPP,Electric Utility,4,,1.4,1.2,1.2,Natural Gas Internal Combustion Engine,NG,IC,1,1975, , ,(OP) Operating, , , , , , , , ,40.631453,-100.5152
4836,City of David City,2233,David City,Map,Map,NE,Butler,SWPP,Electric Utility,1,,1.5,1.3,1.3,Natural Gas Internal Combustion Engine,NG,IC,1,1960, , ,(OP) Operating, , , , , , , , ,41.254652,-97.1192
4836,City of David City,2233,David City,Map,Map,NE,Butler,SWPP,Electric Utility,2,,1,0.8,0.8,Petroleum Liquids,DFO,IC,1,1949, , ,(OP) Operating, , , , , , , , ,41.254652,-97.1192
4836,City of David City,2233,David City,Map,Map,NE,Butler,SWPP,Electric Utility,3,,1,0.9,0.9,Natural Gas Internal Combustion Engine,NG,IC,1,1955, , ,(OP) Operating, , , , , , , , ,41.254652,-97.1192
4836,City of David City,2233,David City,Map,Map,NE,Butler,SWPP,Electric Utility,4,,2.3,1.8,1.8,Natural Gas Internal Combustion Engine,NG,IC,1,1966, , ,(OP) Operating, , , , , , , , ,41.254652,-97.1192
4836,City of David City,2233,David City,Map,Map,NE,Butler,SWPP,Electric Utility,5,,1.6,1.3,1.3,Petroleum Liquids,DFO,IC,12,1996, , ,(OP) Operating, , , , , , , , ,41.254652,-97.1192
4836,City of David City,2233,David City,Map,Map,NE,Butler,SWPP,Electric Utility,6,,1.6,1.3,1.3,Petroleum Liquids,DFO,IC,12,1996, , ,(OP) Operating, , , , , , , , ,41.254652,-97.1192
4836,City of David City,2233,David City,Map,Map,NE,Butler,SWPP,Electric Utility,7,,1.6,1.3,1.3,Petroleum Liquids,DFO,IC,12,1996, , ,(OP) Operating, , , , , , , , ,41.254652,-97.1192
5097,City of Deshler - (NE),2234,Deshler,Map,Map,NE,Thayer,SWPP,Electric Utility,4,,0.6,0.6,0.6,Petroleum Liquids,DFO,IC,1,1956, , ,(OP) Operating, , , , , , , , ,40.1408,-97.7239
5097,City of Deshler - (NE),2234,Deshler,Map,Map,NE,Thayer,SWPP,Electric Utility,5,,1.1,1.1,1.1,Petroleum Liquids,DFO,IC,3,1999, , ,(OP) Operating, , , , , , , , ,40.1408,-97.7239
5850,City of Emerson - (NE),2235,Emerson,Map,Map,NE,Dixon,SWPP,Electric Utility,2,,1.1,1.1,1.1,Natural Gas Internal Combustion Engine,NG,IC,1,1968, , ,(OP) Operating, , , , , , , , ,42.276,-96.7292
5850,City of Emerson - (NE),2235,Emerson,Map,Map,NE,Dixon,SWPP,Electric Utility,3,,0.1,0.1,0.1,Petroleum Liquids,DFO,IC,1,1947, , ,(OP) Operating, , , , , , , , ,42.276,-96.7292
5850,City of Emerson - (NE),2235,Emerson,Map,Map,NE,Dixon,SWPP,Electric Utility,4,,0.4,0.4,0.4,Natural Gas Internal Combustion Engine,NG,IC,1,1960, , ,(OP) Operating, , , , , , , , ,42.276,-96.7292
6175,City of Falls City - (NE),2237,Falls City,Map,Map,NE,Richardson,SWPP,Electric Utility,1,,0.6,0.6,0.6,Petroleum Liquids,DFO,IC,8,1930, , ,(OP) Operating, , , , , , , , ,40.055,-95.6083
6175,City of Falls City - (NE),2237,Falls City,Map,Map,NE,Richardson,SWPP,Electric Utility,2,,0.9,0.9,0.9,Petroleum Liquids,DFO,IC,8,1937, , ,(OP) Operating, , , , , , , , ,40.055,-95.6083
6175,City of Falls City - (NE),2237,Falls City,Map,Map,NE,Richardson,SWPP,Electric Utility,3,,2.7,2.3,2.3,Natural Gas Internal Combustion Engine,NG,IC,2,1965, , ,(OP) Operating, , , , , , , , ,40.055,-95.6083
6175,City of Falls City - (NE),2237,Falls City,Map,Map,NE,Richardson,SWPP,Electric Utility,4,,1.1,0.8,0.8,Natural Gas Internal Combustion Engine,NG,IC,8,1946, , ,(OP) Operating, , , , , , , , ,40.055,-95.6083
6175,City of Falls City - (NE),2237,Falls City,Map,Map,NE,Richardson,SWPP,Electric Utility,5,,2,1.4,1.4,Natural Gas Internal Combustion Engine,NG,IC,11,1950, , ,(OP) Operating, , , , , , , , ,40.055,-95.6083
6175,City of Falls City - (NE),2237,Falls City,Map,Map,NE,Richardson,SWPP,Electric Utility,6,,2.5,2,2,Natural Gas Internal Combustion Engine,NG,IC,2,1958, , ,(OP) Operating, , , , , , , , ,40.055,-95.6083
6175,City of Falls City - (NE),2237,Falls City,Map,Map,NE,Richardson,SWPP,Electric Utility,7,,6.2,5.9,5.9,Natural Gas Internal Combustion Engine,NG,IC,6,1972, , ,(OP) Operating, , , , , , , , ,40.055,-95.6083
6175,City of Falls City - (NE),2237,Falls City,Map,Map,NE,Richardson,SWPP,Electric Utility,8,,6,6,6,Natural Gas Internal Combustion Engine,NG,IC,3,1982, , ,(OP) Operating, , , , , , , , ,40.055,-95.6083
6175,City of Falls City - (NE),2237,Falls City,Map,Map,NE,Richardson,SWPP,Electric Utility,9,,9.3,9.3,9.3,Natural Gas Internal Combustion Engine,NG,IC,8,2018, , ,(OP) Operating, , , , , , , , ,40.055,-95.6083
6723,City of Franklin - (NE),2238,Franklin (NE),Map,Map,NE,Franklin,SWPP,Electric Utility,1,,0.6,0.6,0.6,Natural Gas Internal Combustion Engine,NG,IC,7,1963, , ,(OP) Operating, , , , , , , , ,40.0892,-98.9508
6723,City of Franklin - (NE),2238,Franklin (NE),Map,Map,NE,Franklin,SWPP,Electric Utility,2,,1.3,1.3,1.3,Natural Gas Internal Combustion Engine,NG,IC,10,1974, , ,(OP) Operating, , , , , , , , ,40.0892,-98.9508
6723,City of Franklin - (NE),2238,Franklin (NE),Map,Map,NE,Franklin,SWPP,Electric Utility,3,,1.1,1.1,1.1,Natural Gas Internal Combustion Engine,NG,IC,11,1969, , ,(OP) Operating, , , , , , , , ,40.0892,-98.9508
6723,City of Franklin - (NE),2238,Franklin (NE),Map,Map,NE,Franklin,SWPP,Electric Utility,4,,0.9,0.9,0.9,Natural Gas Internal Combustion Engine,NG,IC,1,1955, , ,(OP) Operating, , , , , , , , ,40.0892,-98.9508
6779,City of Fremont - (NE),2240,Lon Wright,Map,Map,NE,Dodge,SWPP,Electric Utility,5OT,,40,38,40,Natural Gas Fired Combustion Turbine,NG,GT,11,2003, , ,(OP) Operating, , , , , , , , ,41.4281,-96.4623
6779,City of Fremont - (NE),2240,Lon Wright,Map,Map,NE,Dodge,SWPP,Electric Utility,6,,16.5,15.5,15.5,Conventional Steam Coal,SUB,ST,8,1957, , ,(OP) Operating, , , , , , , , ,41.4281,-96.4623
6779,City of Fremont - (NE),2240,Lon Wright,Map,Map,NE,Dodge,SWPP,Electric Utility,7,,22,21,21,Conventional Steam Coal,SUB,ST,8,1963, , ,(OP) Operating, , , , , , , , ,41.4281,-96.4623
6779,City of Fremont - (NE),2240,Lon Wright,Map,Map,NE,Dodge,SWPP,Electric Utility,8,,91.5,82,82,Conventional Steam Coal,SUB,ST,1,1976, , ,(OP) Operating, , , , , , , , ,41.4281,-96.4623
6779,City of Fremont - (NE),2240,Lon Wright,Map,Map,NE,Dodge,SWPP,Electric Utility,SLR1,,1.3,1.3,1.3,Solar Photovoltaic,SUN,PV,3,2018, , ,(OP) Operating, ,1.5, , , , , , ,41.4281,-96.4623
6779,City of Fremont - (NE),2240,Lon Wright,Map,Map,NE,Dodge,SWPP,Electric Utility,SLR2,,1,1,1,Solar Photovoltaic,SUN,PV,9,2018, , ,(OP) Operating, ,1.2, , , , , , ,41.4281,-96.4623
40606,City of Grand Island - (NE),2241,C W Burdick,Map,Map,NE,Hall,SWPP,Electric Utility,GT1,,16,13.6,14.8,Natural Gas Fired Combustion Turbine,NG,GT,3,1968, , ,(OP) Operating, , , , , , , , ,40.9228,-98.3269
40606,City of Grand Island - (NE),2241,C W Burdick,Map,Map,NE,Hall,SWPP,Electric Utility,GT2,,63.4,34,40,Natural Gas Fired Combustion Turbine,NG,GT,4,2003, , ,(OP) Operating, , , , , , , , ,40.9228,-98.3269
40606,City of Grand Island - (NE),2241,C W Burdick,Map,Map,NE,Hall,SWPP,Electric Utility,GT3,,63.4,34,40,Natural Gas Fired Combustion Turbine,NG,GT,4,2003, , ,(OP) Operating, , , , , , , , ,40.9228,-98.3269
8245,City of Hastings - (NE),2243,Don Henry,Map,Map,NE,Adams,SWPP,Electric Utility,1,,22,18,18,Natural Gas Fired Combustion Turbine,NG,GT,6,1972, , ,(SB) Standby/Backup: available for service but not normally used, , , , , , , , ,40.583155,-98.42006
8245,City of Hastings - (NE),2244,North Denver,Map,Map,NE,Adams,SWPP,Electric Utility,4,,17,15,15,Natural Gas Steam Turbine,NG,ST,12,1957, , ,(SB) Standby/Backup: available for service but not normally used, , , , , , , , ,40.598839,-98.38863
8245,City of Hastings - (NE),2244,North Denver,Map,Map,NE,Adams,SWPP,Electric Utility,5,,22,24,24,Natural Gas Steam Turbine,NG,ST,10,1967, , ,(SB) Standby/Backup: available for service but not normally used, , , , , , , , ,40.598839,-98.38863
10260,City of Kimball - (NE),2248,Kimball,Map,Map,NE,Kimball,SWPP,Electric Utility,1,,1,0.7,0.8,Petroleum Liquids,DFO,IC,9,1956, , ,(OP) Operating, , , , , , , , ,41.2382,-103.6667
10260,City of Kimball - (NE),2248,Kimball,Map,Map,NE,Kimball,SWPP,Electric Utility,2,,1,0.7,0.8,Petroleum Liquids,DFO,IC,9,1955, , ,(OP) Operating, , , , , , , , ,41.2382,-103.6667
10260,City of Kimball - (NE),2248,Kimball,Map,Map,NE,Kimball,SWPP,Electric Utility,3,,1.3,1,1.1,Petroleum Liquids,DFO,IC,9,1959, , ,(OP) Operating, , , , , , , , ,41.2382,-103.6667
10260,City of Kimball - (NE),2248,Kimball,Map,Map,NE,Kimball,SWPP,Electric Utility,4,,1.3,1,1.1,Petroleum Liquids,DFO,IC,9,1960, , ,(OP) Operating, , , , , , , , ,41.2382,-103.6667
10260,City of Kimball - (NE),2248,Kimball,Map,Map,NE,Kimball,SWPP,Electric Utility,5,,1.1,0.6,0.6,Petroleum Liquids,DFO,IC,1,1944, , ,(OP) Operating, , , , , , , , ,41.2382,-103.6667
10260,City of Kimball - (NE),2248,Kimball,Map,Map,NE,Kimball,SWPP,Electric Utility,6,,3.9,3.6,3.7,Petroleum Liquids,DFO,IC,9,1974, , ,(OP) Operating, , , , , , , , ,41.2382,-103.6667
10760,City of Laurel - (NE),2249,Laurel,Map,Map,NE,Cedar,SWPP,Electric Utility,1,,1.3,1.1,1.2,Natural Gas Internal Combustion Engine,NG,IC,10,1974, , ,(SB) Standby/Backup: available for service but not normally used, , , , , , , , ,42.430539,-97.09081
10760,City of Laurel - (NE),2249,Laurel,Map,Map,NE,Cedar,SWPP,Electric Utility,2,,0.9,0.7,0.8,Natural Gas Internal Combustion Engine,NG,IC,1,1970, , ,(SB) Standby/Backup: available for service but not normally used, , , , , , , , ,42.430539,-97.09081
10760,City of Laurel - (NE),2249,Laurel,Map,Map,NE,Cedar,SWPP,Electric Utility,7,,1.3,1.1,1.2,Natural Gas Internal Combustion Engine,NG,IC,10,1992, , ,(SB) Standby/Backup: available for service but not normally used, , , , , , , , ,42.430539,-97.09081
11018,Lincoln Electric System,2250,J Street,Map,Map,NE,Lancaster,SWPP,Electric Utility,1,,27,29.3,31.7,Natural Gas Fired Combustion Turbine,NG,GT,2,1972, , ,(OP) Operating, , , , , , , , ,40.80788,-96.71067
11372,City of Lyons - (NE),2253,Lyons,Map,Map,NE,Burt,SWPP,Electric Utility,2,,0.5,0.2,0.2,Petroleum Liquids,DFO,IC,1,1953, , ,(OP) Operating, , , , , , , , ,41.9374,-96.4668
11372,City of Lyons - (NE),2253,Lyons,Map,Map,NE,Burt,SWPP,Electric Utility,3,,0.8,0.3,0.3,Petroleum Liquids,DFO,IC,1,1960, , ,(OP) Operating, , , , , , , , ,41.9374,-96.4668
11372,City of Lyons - (NE),2253,Lyons,Map,Map,NE,Burt,SWPP,Electric Utility,4A,,1.2,0.6,0.6,Petroleum Liquids,DFO,IC,1,1967, , ,(OP) Operating, , , , , , , , ,41.9374,-96.4668
13334,City of Nebraska City,2255,Nebraska City # 1,Map,Map,NE,Otoe,SWPP,Electric Utility,10,,6.5,5.8,5.8,Natural Gas Internal Combustion Engine,NG,IC,4,1979, , ,(OP) Operating, , , , , , , , ,40.6806,-95.8475
13334,City of Nebraska City,2255,Nebraska City # 1,Map,Map,NE,Otoe,SWPP,Electric Utility,2,,1.5,1,1,Petroleum Liquids,DFO,IC,5,1953, , ,(OP) Operating, , , , , , , , ,40.6806,-95.8475
13334,City of Nebraska City,2255,Nebraska City # 1,Map,Map,NE,Otoe,SWPP,Electric Utility,3,,2.5,2,2,Natural Gas Internal Combustion Engine,NG,IC,5,1955, , ,(OP) Operating, , , , , , , , ,40.6806,-95.8475
13334,City of Nebraska City,2255,Nebraska City # 1,Map,Map,NE,Otoe,SWPP,Electric Utility,4,,3.1,2.7,2.7,Natural Gas Internal Combustion Engine,NG,IC,8,1957, , ,(OP) Operating, , , , , , , , ,40.6806,-95.8475
13334,City of Nebraska City,2255,Nebraska City # 1,Map,Map,NE,Otoe,SWPP,Electric Utility,5,,2,1.7,1.7,Natural Gas Internal Combustion Engine,NG,IC,8,1964, , ,(OP) Operating, , , , , , , , ,40.6806,-95.8475
13334,City of Nebraska City,2255,Nebraska City # 1,Map,Map,NE,Otoe,SWPP,Electric Utility,8,,4.1,3.6,3.6,Natural Gas Internal Combustion Engine,NG,IC,4,1971, , ,(OP) Operating, , , , , , , , ,40.6806,-95.8475
13334,City of Nebraska City,2255,Nebraska City # 1,Map,Map,NE,Otoe,SWPP,Electric Utility,9,,6.4,5.8,5.8,Natural Gas Internal Combustion Engine,NG,IC,6,1974, , ,(OP) Operating, , , , , , , , ,40.6806,-95.8475
13334,City of Nebraska City,2256,Syracuse # 2,Map,Map,NE,Otoe,SWPP,Electric Utility,6,,2,1.6,1.6,Natural Gas Internal Combustion Engine,NG,IC,4,1969, , ,(OP) Operating, , , , , , , , ,40.6756,-96.17778
13334,City of Nebraska City,2256,Syracuse # 2,Map,Map,NE,Otoe,SWPP,Electric Utility,7,,2,1.6,1.6,Natural Gas Internal Combustion Engine,NG,IC,5,1970, , ,(OP) Operating, , , , , , , , ,40.6756,-96.17778
11251,Loup River Public Power Dist,2260,Columbus,Map,Map,NE,Platte,SWPP,Electric Utility,1,,15.2,15,15,Conventional Hydroelectric,WAT,HY,1,1936, , ,(OP) Operating, , , , , , , , ,41.4639,-97.3283
11251,Loup River Public Power Dist,2260,Columbus,Map,Map,NE,Platte,SWPP,Electric Utility,2,,15.2,15,15,Conventional Hydroelectric,WAT,HY,1,1936, , ,(OP) Operating, , , , , , , , ,41.4639,-97.3283
11251,Loup River Public Power Dist,2260,Columbus,Map,Map,NE,Platte,SWPP,Electric Utility,3,,15.2,15,15,Conventional Hydroelectric,WAT,HY,1,1936, , ,(OP) Operating, , , , , , , , ,41.4639,-97.3283
13337,Nebraska Public Power District,2265,Hallam,Map,Map,NE,Lancaster,SWPP,Electric Utility,1,,56.7,41.9,41.9,Petroleum Liquids,DFO,GT,6,1973, , ,(OP) Operating, , , , , , , , ,40.558652,-96.78618
13337,Nebraska Public Power District,2266,Hebron,Map,Map,NE,Thayer,SWPP,Electric Utility,1,,56.7,41.9,41.9,Petroleum Liquids,DFO,GT,6,1973, , ,(OP) Operating, , , , , , , , ,40.187928,-97.57786
13337,Nebraska Public Power District,2268,Kearney,Map,Map,NE,Buffalo,SWPP,Electric Utility,1,,1.5,1,1,Conventional Hydroelectric,WAT,HY,1,1921, , ,(OP) Operating, , , , , , , , ,40.703511,-99.10075
13337,Nebraska Public Power District,2271,McCook,Map,Map,NE,Red Willow,SWPP,Electric Utility,1,,56.7,39.7,39.7,Petroleum Liquids,DFO,GT,6,1973, , ,(OP) Operating, , , , , , , , ,40.2214,-100.6508
11251,Loup River Public Power Dist,2273,Monroe (NE),Map,Map,NE,Platte,SWPP,Electric Utility,1,,2.8,1,1,Conventional Hydroelectric,WAT,HY,1,1936, , ,(OP) Operating, , , , , , , , ,41.4872,-97.6078
11251,Loup River Public Power Dist,2273,Monroe (NE),Map,Map,NE,Platte,SWPP,Electric Utility,2,,2.8,1,1,Conventional Hydroelectric,WAT,HY,1,1936, , ,(OP) Operating, , , , , , , , ,41.4872,-97.6078
11251,Loup River Public Power Dist,2273,Monroe (NE),Map,Map,NE,Platte,SWPP,Electric Utility,3,,2.8,1,1,Conventional Hydroelectric,WAT,HY,1,1936, , ,(OP) Operating, , , , , , , , ,41.4872,-97.6078
13337,Nebraska Public Power District,2274,North Platte,Map,Map,NE,Lincoln,SWPP,Electric Utility,1,,13.1,12,12,Conventional Hydroelectric,WAT,HY,1,1935, , ,(OP) Operating, , , , , , , , ,41.0864,-100.7594
13337,Nebraska Public Power District,2274,North Platte,Map,Map,NE,Lincoln,SWPP,Electric Utility,2,,13.1,12,12,Conventional Hydroelectric,WAT,HY,1,1935, , ,(OP) Operating, , , , , , , , ,41.0864,-100.7594
13337,Nebraska Public Power District,2277,Sheldon,Map,Map,NE,Lancaster,SWPP,Electric Utility,1,,108.8,104,104,Conventional Steam Coal,SUB,ST,1,1961, , ,(OP) Operating, , , , , , , , ,40.5589,-96.7847
13337,Nebraska Public Power District,2277,Sheldon,Map,Map,NE,Lancaster,SWPP,Electric Utility,2,,119.9,113,113,Conventional Steam Coal,SUB,ST,1,1965, , ,(OP) Operating, , , , , , , , ,40.5589,-96.7847
14127,Omaha Public Power District,2290,Jones Street,Map,Map,NE,Douglas,SWPP,Electric Utility,1,,65,61.2,61.2,Petroleum Liquids,DFO,GT,6,1973, , ,(OP) Operating, , , , , , , , ,41.251488,-95.92268
14127,Omaha Public Power District,2290,Jones Street,Map,Map,NE,Douglas,SWPP,Electric Utility,2,,65,62.2,62.2,Petroleum Liquids,DFO,GT,6,1973, , ,(OP) Operating, , , , , , , , ,41.251488,-95.92268
14127,Omaha Public Power District,2291,North Omaha,Map,Map,NE,Douglas,SWPP,Electric Utility,1,,73.5,63,0,Natural Gas Steam Turbine,NG,ST,7,1954,12,2026,(OP) Operating, , , , , , , , ,41.32909,-95.94466
14127,Omaha Public Power District,2291,North Omaha,Map,Map,NE,Douglas,SWPP,Electric Utility,2,,108.8,83.4,0,Natural Gas Steam Turbine,NG,ST,4,1957,12,2026,(OP) Operating, , , , , , , , ,41.32909,-95.94466
14127,Omaha Public Power District,2291,North Omaha,Map,Map,NE,Douglas,SWPP,Electric Utility,3,,108.8,92.5,42.6,Natural Gas Steam Turbine,NG,ST,4,1959,12,2026,(OP) Operating, , , , , , , , ,41.32909,-95.94466
14127,Omaha Public Power District,2291,North Omaha,Map,Map,NE,Douglas,SWPP,Electric Utility,4,,136,117.7,101.8,Conventional Steam Coal,SUB,ST,3,1963, , ,(OP) Operating, , , , , , , , ,41.32909,-95.94466
14127,Omaha Public Power District,2291,North Omaha,Map,Map,NE,Douglas,SWPP,Electric Utility,5,,217.6,216.2,174.9,Conventional Steam Coal,SUB,ST,5,1968, , ,(OP) Operating, , , , , , , , ,41.32909,-95.94466
14127,Omaha Public Power District,2292,Sarpy County,Map,Map,NE,Sarpy,SWPP,Electric Utility,1,,55.4,55.4,55.4,Natural Gas Fired Combustion Turbine,NG,GT,6,1972, , ,(OP) Operating, , , , , , , , ,41.170594,-95.9706
14127,Omaha Public Power District,2292,Sarpy County,Map,Map,NE,Sarpy,SWPP,Electric Utility,2,,55.4,55.9,55.9,Natural Gas Fired Combustion Turbine,NG,GT,6,1972, , ,(OP) Operating, , , , , , , , ,41.170594,-95.9706
14127,Omaha Public Power District,2292,Sarpy County,Map,Map,NE,Sarpy,SWPP,Electric Utility,3,,106.3,107.8,107.8,Natural Gas Fired Combustion Turbine,NG,GT,5,1996, , ,(OP) Operating, , , , , , , , ,41.170594,-95.9706
14127,Omaha Public Power District,2292,Sarpy County,Map,Map,NE,Sarpy,SWPP,Electric Utility,4,,58.9,48.7,48.7,Natural Gas Fired Combustion Turbine,NG,GT,5,2000, , ,(OP) Operating, , , , , , , , ,41.170594,-95.9706
14127,Omaha Public Power District,2292,Sarpy County,Map,Map,NE,Sarpy,SWPP,Electric Utility,5,,58.9,47.9,47.9,Natural Gas Fired Combustion Turbine,NG,GT,5,2000, , ,(OP) Operating, , , , , , , , ,41.170594,-95.9706
14127,Omaha Public Power District,2292,Sarpy County,Map,Map,NE,Sarpy,SWPP,Electric Utility,BSD,,3.5,3.4,3.4,Petroleum Liquids,DFO,IC,5,1996, , ,(SB) Standby/Backup: available for service but not normally used, , , , , , , , ,41.170594,-95.9706
14172,City of Ord - (NE),2294,Ord,Map,Map,NE,Valley,SWPP,Electric Utility,1,,5,5,5,Petroleum Liquids,DFO,IC,1,1973, , ,(OP) Operating, , , , , , , , ,41.604164,-98.92614
14172,City of Ord - (NE),2294,Ord,Map,Map,NE,Valley,SWPP,Electric Utility,2,,1.5,1,1,Petroleum Liquids,DFO,IC,1,1966, , ,(OP) Operating, , , , , , , , ,41.604164,-98.92614
14172,City of Ord - (NE),2294,Ord,Map,Map,NE,Valley,SWPP,Electric Utility,3,,2.5,2,2,Petroleum Liquids,DFO,IC,1,1963, , ,(OP) Operating, , , , , , , , ,41.604164,-98.92614
14172,City of Ord - (NE),2294,Ord,Map,Map,NE,Valley,SWPP,Electric Utility,4A,,1.5,1.4,1.4,Petroleum Liquids,DFO,IC,4,1997, , ,(OP) Operating, , , , , , , , ,41.604164,-98.92614
14172,City of Ord - (NE),2294,Ord,Map,Map,NE,Valley,SWPP,Electric Utility,5A,,1.5,1.4,1.4,Petroleum Liquids,DFO,IC,4,1997, , ,(OP) Operating, , , , , , , , ,41.604164,-98.92614
14277,Village of Oxford - (NE),2295,Oxford (NE),Map,Map,NE,Furnas,SWPP,Electric Utility,2,,0.6,0.5,0.6,Natural Gas Internal Combustion Engine,NG,IC,8,1953, , ,(OP) Operating, , , , , , , , ,40.2581,-99.6108
14277,Village of Oxford - (NE),2295,Oxford (NE),Map,Map,NE,Furnas,SWPP,Electric Utility,3,,0.9,0.8,0.9,Natural Gas Internal Combustion Engine,NG,IC,1,1956, , ,(OP) Operating, , , , , , , , ,40.2581,-99.6108
14277,Village of Oxford - (NE),2295,Oxford (NE),Map,Map,NE,Furnas,SWPP,Electric Utility,4,,0.6,0.5,0.6,Natural Gas Internal Combustion Engine,NG,IC,1,1956, , ,(OP) Operating, , , , , , , , ,40.2581,-99.6108
14277,Village of Oxford - (NE),2295,Oxford (NE),Map,Map,NE,Furnas,SWPP,Electric Utility,5,,1.3,1.2,1.3,Natural Gas Internal Combustion Engine,NG,IC,10,1972, , ,(OP) Operating, , , , , , , , ,40.2581,-99.6108
14656,City of Pender - (NE),2296,Pender,Map,Map,NE,Thurston,SWPP,Electric Utility,1,,1.5,1.2,1.2,Petroleum Liquids,DFO,IC,1,1968, , ,(OP) Operating, , , , , , , , ,42.114742,-96.70543
14656,City of Pender - (NE),2296,Pender,Map,Map,NE,Thurston,SWPP,Electric Utility,2,,2,2,2,Petroleum Liquids,DFO,IC,1,1973, , ,(OP) Operating, , , , , , , , ,42.114742,-96.70543
14656,City of Pender - (NE),2296,Pender,Map,Map,NE,Thurston,SWPP,Electric Utility,3,,0.5,0.5,0.5,Petroleum Liquids,DFO,IC,1,1953, , ,(OS) Out of service and NOT expected to return to service in next calendar year, , , , , , , , ,42.114742,-96.70543
14656,City of Pender - (NE),2296,Pender,Map,Map,NE,Thurston,SWPP,Electric Utility,4,,0.9,0.8,0.8,Petroleum Liquids,DFO,IC,1,1961, , ,(OP) Operating, , , , , , , , ,42.114742,-96.70543
15773,City of Red Cloud - (NE),2299,Red Cloud,Map,Map,NE,Webster,SWPP,Electric Utility,2,,0.9,0.6,0.6,Petroleum Liquids,DFO,IC,6,1953, , ,(OP) Operating, , , , , , , , ,40.097954,-98.51903
15773,City of Red Cloud - (NE),2299,Red Cloud,Map,Map,NE,Webster,SWPP,Electric Utility,3,,1.3,1.2,1.2,Petroleum Liquids,DFO,IC,12,1960, , ,(OP) Operating, , , , , , , , ,40.097954,-98.51903
15773,City of Red Cloud - (NE),2299,Red Cloud,Map,Map,NE,Webster,SWPP,Electric Utility,4,,1.3,1.2,1.2,Petroleum Liquids,DFO,IC,8,1968, , ,(OP) Operating, , , , , , , , ,40.097954,-98.51903
15773,City of Red Cloud - (NE),2299,Red Cloud,Map,Map,NE,Webster,SWPP,Electric Utility,5,,2.2,2.2,2.2,Petroleum Liquids,DFO,IC,9,1973, , ,(OP) Operating, , , , , , , , ,40.097954,-98.51903
16667,City of Sargent - (NE),2300,Sargent,Map,Map,NE,Custer,SWPP,Electric Utility,1,,1.1,1.1,1.1,Petroleum Liquids,DFO,IC,3,1968, , ,(OP) Operating, , , , , , , , ,41.641588,-99.3698
16667,City of Sargent - (NE),2300,Sargent,Map,Map,NE,Custer,SWPP,Electric Utility,3,,0.9,0.9,0.9,Petroleum Liquids,DFO,IC,2,1964, , ,(OP) Operating, , , , , , , , ,41.641588,-99.3698
16667,City of Sargent - (NE),2300,Sargent,Map,Map,NE,Custer,SWPP,Electric Utility,4,,0.4,0.4,0.4,Petroleum Liquids,DFO,IC,1,1954, , ,(OP) Operating, , , , , , , , ,41.641588,-99.3698
17149,City of Sidney - (NE),2302,Sidney (NE),Map,Map,NE,Cheyenne,SWPP,Electric Utility,1,,1.2,1,1.1,Natural Gas Internal Combustion Engine,NG,IC,1,1949, , ,(OP) Operating, , , , , , , , ,41.145634,-102.9778
17149,City of Sidney - (NE),2302,Sidney (NE),Map,Map,NE,Cheyenne,SWPP,Electric Utility,3,,0.8,0.6,0.6,Petroleum Liquids,DFO,IC,1,1931, , ,(OP) Operating, , , , , , , , ,41.145634,-102.9778
17149,City of Sidney - (NE),2302,Sidney (NE),Map,Map,NE,Cheyenne,SWPP,Electric Utility,5,,3.1,2.5,2.5,Natural Gas Internal Combustion Engine,NG,IC,1,1955, , ,(OP) Operating, , , , , , , , ,41.145634,-102.9778
17727,Village of Spalding - (NE),2303,Spalding,Map,Map,NE,Greeley,SWPP,Electric Utility,1,,0.1,0.1,0.1,Conventional Hydroelectric,WAT,HY,7,1919, , ,(OP) Operating, , , , , , , , ,41.68138,-98.36756
17727,Village of Spalding - (NE),2303,Spalding,Map,Map,NE,Greeley,SWPP,Electric Utility,2,,0.1,0.1,0.1,Conventional Hydroelectric,WAT,HY,7,1956, , ,(OP) Operating, , , , , , , , ,41.68138,-98.36756
17727,Village of Spalding - (NE),2303,Spalding,Map,Map,NE,Greeley,SWPP,Electric Utility,4,,0.2,0.2,0.2,Petroleum Liquids,DFO,IC,8,1947, , ,(SB) Standby/Backup: available for service but not normally used, , , , , , , , ,41.68138,-98.36756
17727,Village of Spalding - (NE),2303,Spalding,Map,Map,NE,Greeley,SWPP,Electric Utility,5,,0.4,0.4,0.4,Petroleum Liquids,DFO,IC,8,1959, , ,(SB) Standby/Backup: available for service but not normally used, , , , , , , , ,41.68138,-98.36756
17727,Village of Spalding - (NE),2303,Spalding,Map,Map,NE,Greeley,SWPP,Electric Utility,6,,1.3,1.3,1.3,Petroleum Liquids,DFO,IC,7,1975, , ,(SB) Standby/Backup: available for service but not normally used, , , , , , , , ,41.68138,-98.36756
18230,City of Stuart - (NE),2305,Stuart (NE),Map,Map,NE,Holt,SWPP,Electric Utility,1,,0.7,0.7,0.7,Natural Gas Internal Combustion Engine,NG,IC,1,1952, , ,(OP) Operating, , , , , , , , ,42.599377,-99.14371
18230,City of Stuart - (NE),2305,Stuart (NE),Map,Map,NE,Holt,SWPP,Electric Utility,2,,0.2,0.2,0.2,Petroleum Liquids,DFO,IC,1,1960, , ,(SB) Standby/Backup: available for service but not normally used, , , , , , , , ,42.599377,-99.14371
18230,City of Stuart - (NE),2305,Stuart (NE),Map,Map,NE,Holt,SWPP,Electric Utility,3,,0.2,0.2,0.2,Petroleum Liquids,DFO,IC,1,1952, , ,(SB) Standby/Backup: available for service but not normally used, , , , , , , , ,42.599377,-99.14371
18230,City of Stuart - (NE),2305,Stuart (NE),Map,Map,NE,Holt,SWPP,Electric Utility,5,,0.8,0.8,0.8,Petroleum Liquids,DFO,IC,8,1997, , ,(OP) Operating, , , , , , , , ,42.599377,-99.14371
18525,City of Tecumseh,2308,Tecumseh,Map,Map,NE,Johnson,SWPP,Electric Utility,1,,0.7,0.6,0.6,Petroleum Liquids,DFO,IC,1,1948, , ,(OP) Operating, , , , , , , , ,40.3664,-96.19
18525,City of Tecumseh,2308,Tecumseh,Map,Map,NE,Johnson,SWPP,Electric Utility,2,,1.5,1.4,1.4,Petroleum Liquids,DFO,IC,1,1968, , ,(OP) Operating, , , , , , , , ,40.3664,-96.19
18525,City of Tecumseh,2308,Tecumseh,Map,Map,NE,Johnson,SWPP,Electric Utility,3,,1.1,1,1,Petroleum Liquids,DFO,IC,1,1953, , ,(OP) Operating, , , , , , , , ,40.3664,-96.19
18525,City of Tecumseh,2308,Tecumseh,Map,Map,NE,Johnson,SWPP,Electric Utility,4,,1.3,1.2,1.2,Petroleum Liquids,DFO,IC,1,1960, , ,(OP) Operating, , , , , , , , ,40.3664,-96.19
18525,City of Tecumseh,2308,Tecumseh,Map,Map,NE,Johnson,SWPP,Electric Utility,5A,,2.4,2.4,2.4,Natural Gas Internal Combustion Engine,NG,IC,3,1993, , ,(OP) Operating, , , , , , , , ,40.3664,-96.19
19968,City of Wahoo - (NE),2310,Wahoo,Map,Map,NE,Saunders,SWPP,Electric Utility,1,,2.5,2.1,2.1,Natural Gas Internal Combustion Engine,NG,IC,9,1960, , ,(OP) Operating, , , , , , , , ,41.211798,-96.61155
19968,City of Wahoo - (NE),2310,Wahoo,Map,Map,NE,Saunders,SWPP,Electric Utility,2,,0.5,0.4,0.4,Petroleum Liquids,DFO,IC,8,1936, , ,(OP) Operating, , , , , , , , ,41.211798,-96.61155
19968,City of Wahoo - (NE),2310,Wahoo,Map,Map,NE,Saunders,SWPP,Electric Utility,3,,4.4,4.4,4.4,Natural Gas Internal Combustion Engine,NG,IC,8,1973, , ,(OP) Operating, , , , , , , , ,41.211798,-96.61155
19968,City of Wahoo - (NE),2310,Wahoo,Map,Map,NE,Saunders,SWPP,Electric Utility,4,,1.2,1.1,1.1,Natural Gas Internal Combustion Engine,NG,IC,6,1947, , ,(OP) Operating, , , , , , , , ,41.211798,-96.61155
19968,City of Wahoo - (NE),2310,Wahoo,Map,Map,NE,Saunders,SWPP,Electric Utility,5,,2.1,2.2,2.2,Natural Gas Internal Combustion Engine,NG,IC,9,1952, , ,(OP) Operating, , , , , , , , ,41.211798,-96.61155
19968,City of Wahoo - (NE),2310,Wahoo,Map,Map,NE,Saunders,SWPP,Electric Utility,6,,3.5,3.4,3.4,Natural Gas Internal Combustion Engine,NG,IC,7,1969, , ,(OP) Operating, , , , , , , , ,41.211798,-96.61155
19980,City of Wakefield - (NE),2311,Wakefield,Map,Map,NE,Dixon,SWPP,Electric Utility,2,,0.6,0.5,0.5,Petroleum Liquids,DFO,IC,1,1915, , ,(OP) Operating, , , , , , , , ,42.2691,-96.8621
19980,City of Wakefield - (NE),2311,Wakefield,Map,Map,NE,Dixon,SWPP,Electric Utility,5,,1.3,1,1,Petroleum Liquids,DFO,IC,1,1966, , ,(OP) Operating, , , , , , , , ,42.2691,-96.8621
19980,City of Wakefield - (NE),2311,Wakefield,Map,Map,NE,Dixon,SWPP,Electric Utility,6,,1.3,1.1,1.1,Petroleum Liquids,DFO,IC,1,1971, , ,(OP) Operating, , , , , , , , ,42.2691,-96.8621
19980,City of Wakefield - (NE),2311,Wakefield,Map,Map,NE,Dixon,SWPP,Electric Utility,IC4,,0.9,0.6,0.6,Petroleum Liquids,DFO,IC,1,1961, , ,(OP) Operating, , , , , , , , ,42.2691,-96.8621
20219,City of Wayne,2312,Wayne IC,Map,Map,NE,Wayne,SWPP,Electric Utility,1,,1.3,0.8,0.8,Petroleum Liquids,DFO,IC,1,1951, , ,(OP) Operating, , , , , , , , ,42.2278,-97.0183
20219,City of Wayne,2312,Wayne IC,Map,Map,NE,Wayne,SWPP,Electric Utility,2,,1,0.9,0.9,Petroleum Liquids,DFO,IC,1,1947, , ,(SB) Standby/Backup: available for service but not normally used, , , , , , , , ,42.2278,-97.0183
20219,City of Wayne,2312,Wayne IC,Map,Map,NE,Wayne,SWPP,Electric Utility,3,,1.9,1.8,1.8,Petroleum Liquids,DFO,IC,1,1956, , ,(OP) Operating, , , , , , , , ,42.2278,-97.0183
20219,City of Wayne,2312,Wayne IC,Map,Map,NE,Wayne,SWPP,Electric Utility,4,,2,1.9,1.9,Petroleum Liquids,DFO,IC,1,1960, , ,(OP) Operating, , , , , , , , ,42.2278,-97.0183
20219,City of Wayne,2312,Wayne IC,Map,Map,NE,Wayne,SWPP,Electric Utility,5,,3.5,3.3,3.3,Petroleum Liquids,DFO,IC,1,1966, , ,(OP) Operating, , , , , , , , ,42.2278,-97.0183
20219,City of Wayne,2312,Wayne IC,Map,Map,NE,Wayne,SWPP,Electric Utility,6,,5.1,4.9,4.9,Petroleum Liquids,DFO,IC,1,1968, , ,(OP) Operating, , , , , , , , ,42.2278,-97.0183
20219,City of Wayne,2312,Wayne IC,Map,Map,NE,Wayne,SWPP,Electric Utility,7,,3.5,3.3,3.3,Petroleum Liquids,DFO,IC,2,1998, , ,(OP) Operating, , , , , , , , ,42.2278,-97.0183
20219,City of Wayne,2312,Wayne IC,Map,Map,NE,Wayne,SWPP,Electric Utility,8,,3.5,3.3,3.3,Petroleum Liquids,DFO,IC,2,1998, , ,(OP) Operating, , , , , , , , ,42.2278,-97.0183
20397,City of West Point - (NE),2313,West Point Municipal,Map,Map,NE,Cuming,SWPP,Electric Utility,2,,0.9,0.9,0.9,Natural Gas Internal Combustion Engine,NG,IC,5,1947, , ,(OP) Operating, , , , , , , , ,41.844936,-96.71345
20397,City of West Point - (NE),2313,West Point Municipal,Map,Map,NE,Cuming,SWPP,Electric Utility,3,,1.2,1.2,1.2,Natural Gas Internal Combustion Engine,NG,IC,7,1959, , ,(OP) Operating, , , , , , , , ,41.844936,-96.71345
20397,City of West Point - (NE),2313,West Point Municipal,Map,Map,NE,Cuming,SWPP,Electric Utility,4,,2.3,2.3,2.3,Natural Gas Internal Combustion Engine,NG,IC,8,1965, , ,(OP) Operating, , , , , , , , ,41.844936,-96.71345
20632,City of Wilber,2315,Wilber,Map,Map,NE,Saline,SWPP,Electric Utility,4,,1.1,0.9,0.9,Petroleum Liquids,DFO,IC,1,1960, , ,(OP) Operating, , , , , , , , ,40.4797,-96.9604
20632,City of Wilber,2315,Wilber,Map,Map,NE,Saline,SWPP,Electric Utility,5,,0.9,0.6,0.6,Petroleum Liquids,DFO,IC,1,1960, , ,(OP) Operating, , , , , , , , ,40.4797,-96.9604
20632,City of Wilber,2315,Wilber,Map,Map,NE,Saline,SWPP,Electric Utility,6,,1.6,1.6,1.6,Petroleum Liquids,DFO,IC,1,1997, , ,(OP) Operating, , , , , , , , ,40.4797,-96.9604
20880,City of Wisner,2316,Wisner,Map,Map,NE,Cuming,SWPP,Electric Utility,3,,0.8,0.8,0.8,Petroleum Liquids,DFO,IC,5,1969, , ,(OP) Operating, , , , , , , , ,41.988069,-96.91599
20880,City of Wisner,2316,Wisner,Map,Map,NE,Cuming,SWPP,Electric Utility,4,,1.5,1.5,1.5,Petroleum Liquids,DFO,IC,3,2010, , ,(OP) Operating, , , , , , , , ,41.988069,-96.91599
20880,City of Wisner,2316,Wisner,Map,Map,NE,Cuming,SWPP,Electric Utility,5,,1.5,1.5,1.5,Petroleum Liquids,DFO,IC,3,2010, , ,(OP) Operating, , , , , , , , ,41.988069,-96.91599
13337,Nebraska Public Power District,6077,Gerald Gentleman,Map,Map,NE,Lincoln,SWPP,Electric Utility,1,,681.3,665,665,Conventional Steam Coal,SUB,ST,4,1979, , ,(OP) Operating, , , , , , , , ,41.0808,-101.1408
13337,Nebraska Public Power District,6077,Gerald Gentleman,Map,Map,NE,Lincoln,SWPP,Electric Utility,2,,681.3,700,700,Conventional Steam Coal,SUB,ST,1,1982, , ,(OP) Operating, , , , , , , , ,41.0808,-101.1408
14127,Omaha Public Power District,6096,Nebraska City,Map,Map,NE,Otoe,SWPP,Electric Utility,1,,651.6,650.3,650.3,Conventional Steam Coal,SUB,ST,4,1979, , ,(OP) Operating, , , , , , , , ,40.6214,-95.7764
14127,Omaha Public Power District,6096,Nebraska City,Map,Map,NE,Otoe,SWPP,Electric Utility,2,,738,691,691,Conventional Steam Coal,SUB,ST,5,2009, , ,(OP) Operating, , , , , , , , ,40.6214,-95.7764
13337,Nebraska Public Power District,6229,Mobile,Map,Map,NE,York,SWPP,Electric Utility,1,,1,1,1,Petroleum Liquids,DFO,IC,1,1980, , ,(OP) Operating, , , , , , , , ,40.883013,-97.60136
13337,Nebraska Public Power District,6229,Mobile,Map,Map,NE,York,SWPP,Electric Utility,2,,1.6,1.6,1.6,Petroleum Liquids,DFO,IC,3,1996, , ,(OP) Operating, , , , , , , , ,40.883013,-97.60136
13337,Nebraska Public Power District,6229,Mobile,Map,Map,NE,York,SWPP,Electric Utility,500,,0.5,0.5,0.5,Petroleum Liquids,DFO,IC,10,1994, , ,(OP) Operating, , , , , , , , ,40.883013,-97.60136
11018,Lincoln Electric System,6373,Rokeby,Map,Map,NE,Lancaster,SWPP,Electric Utility,1,,72.4,70.5,72,Natural Gas Fired Combustion Turbine,NG,GT,7,1975, , ,(OP) Operating, , , , , , , , ,40.7316,-96.7364
11018,Lincoln Electric System,6373,Rokeby,Map,Map,NE,Lancaster,SWPP,Electric Utility,2,,95.4,90.4,91,Natural Gas Fired Combustion Turbine,NG,GT,5,1997, , ,(OP) Operating, , , , , , , , ,40.7316,-96.7364
11018,Lincoln Electric System,6373,Rokeby,Map,Map,NE,Lancaster,SWPP,Electric Utility,3,,95.4,94.2,96,Natural Gas Fired Combustion Turbine,NG,GT,5,2001, , ,(OP) Operating, , , , , , , , ,40.7316,-96.7364
11018,Lincoln Electric System,6373,Rokeby,Map,Map,NE,Lancaster,SWPP,Electric Utility,BSU,,2.9,3.2,3.2,Petroleum Liquids,DFO,IC,4,1997, , ,(OP) Operating, , , , , , , , ,40.7316,-96.7364
19635,USACE-Omaha,6624,Gavins Point,Map,Map,NE,Cedar,SWPP,Electric Utility,1,,44.1,34,34,Conventional Hydroelectric,WAT,HY,9,1956, , ,(OP) Operating, , , , , , , , ,42.848829,-97.48148
19635,USACE-Omaha,6624,Gavins Point,Map,Map,NE,Cedar,SWPP,Electric Utility,2,,44.1,34,34,Conventional Hydroelectric,WAT,HY,10,1956, , ,(OP) Operating, , , , , , , , ,42.848829,-97.48148
19635,USACE-Omaha,6624,Gavins Point,Map,Map,NE,Cedar,SWPP,Electric Utility,3,,44.1,34,34,Conventional Hydroelectric,WAT,HY,1,1957, , ,(OP) Operating, , , , , , , , ,42.848829,-97.48148
11481,City of Madison - (NE),7469,Madison Utilities,Map,Map,NE,Madison,SWPP,Electric Utility,FM1,,2,1.7,1.7,Natural Gas Internal Combustion Engine,NG,IC,12,1959, , ,(OP) Operating, , , , , , , , ,41.829754,-97.45628
11481,City of Madison - (NE),7469,Madison Utilities,Map,Map,NE,Madison,SWPP,Electric Utility,FM2,,1.3,1,1,Natural Gas Internal Combustion Engine,NG,IC,9,1959, , ,(OP) Operating, , , , , , , , ,41.829754,-97.45628
11481,City of Madison - (NE),7469,Madison Utilities,Map,Map,NE,Madison,SWPP,Electric Utility,FM3,,1.1,0.9,0.9,Natural Gas Internal Combustion Engine,NG,IC,4,1953, , ,(OP) Operating, , , , , , , , ,41.829754,-97.45628
11481,City of Madison - (NE),7469,Madison Utilities,Map,Map,NE,Madison,SWPP,Electric Utility,FM5,,1.4,1,1,Natural Gas Internal Combustion Engine,NG,IC,3,2006, , ,(OP) Operating, , , , , , , , ,41.829754,-97.45628
20848,City of Blue Hill - (NE),7481,City Light & Water,Map,Map,NE,Webster,SWPP,Electric Utility,1,,0.9,0.9,0.9,Petroleum Liquids,DFO,IC,1,1987, , ,(OP) Operating, , , , , , , , ,40.327952,-98.45025
20848,City of Blue Hill - (NE),7481,City Light & Water,Map,Map,NE,Webster,SWPP,Electric Utility,2,,0.4,0.4,0.4,Petroleum Liquids,DFO,IC,1,1987, , ,(OP) Operating, , , , , , , , ,40.327952,-98.45025
13334,City of Nebraska City,7555,Nebraska City # 2,Map,Map,NE,Otoe,SWPP,Electric Utility,11,,4.5,4,4,Natural Gas Internal Combustion Engine,NG,IC,8,1998, , ,(OP) Operating, , , , , , , , ,40.6661,-95.86833
13334,City of Nebraska City,7555,Nebraska City # 2,Map,Map,NE,Otoe,SWPP,Electric Utility,12,,4.5,4,4,Natural Gas Internal Combustion Engine,NG,IC,8,1998, , ,(OP) Operating, , , , , , , , ,40.6661,-95.86833
13334,City of Nebraska City,7555,Nebraska City # 2,Map,Map,NE,Otoe,SWPP,Electric Utility,13,,4.5,4.2,4.2,Petroleum Liquids,DFO,IC,11,1998, , ,(OP) Operating, , , , , , , , ,40.6661,-95.86833
58190,Bluestem LLC,7771,Springview,Map,Map,NE,Keya Paha,SWPP,IPP Non-CHP,3,,1.5,1.5,1.5,Onshore Wind Turbine,WND,WT,6,2011, , ,(OP) Operating, , , , , , , , ,42.82579,-99.77747
58190,Bluestem LLC,7771,Springview,Map,Map,NE,Keya Paha,SWPP,IPP Non-CHP,4,,1.5,1.5,1.5,Onshore Wind Turbine,WND,WT,6,2011, , ,(OP) Operating, , , , , , , , ,42.82579,-99.77747
11018,Lincoln Electric System,7887,Terry Bundy Generating Station,Map,Map,NE,Lancaster,SWPP,Electric Utility,1,CC1,28.2,27.3,28.6,Natural Gas Fired Combined Cycle,NG,CA,8,2004, , ,(OP) Operating, , , , , , , , ,40.909653,-96.61309
11018,Lincoln Electric System,7887,Terry Bundy Generating Station,Map,Map,NE,Lancaster,SWPP,Electric Utility,2,CC1,60.5,46,48,Natural Gas Fired Combined Cycle,NG,CT,10,2003, , ,(OP) Operating, , , , , , , , ,40.909653,-96.61309
11018,Lincoln Electric System,7887,Terry Bundy Generating Station,Map,Map,NE,Lancaster,SWPP,Electric Utility,3,CC1,60.5,45.2,48,Natural Gas Fired Combined Cycle,NG,CT,4,2004, , ,(OP) Operating, , , , , , , , ,40.909653,-96.61309
11018,Lincoln Electric System,7887,Terry Bundy Generating Station,Map,Map,NE,Lancaster,SWPP,Electric Utility,4,,60.5,45.4,48,Natural Gas Fired Combustion Turbine,NG,GT,8,2003, , ,(OP) Operating, , , , , , , , ,40.909653,-96.61309
11018,Lincoln Electric System,7887,Terry Bundy Generating Station,Map,Map,NE,Lancaster,SWPP,Electric Utility,BSU,,1.8,1.6,1.6,Petroleum Liquids,DFO,IC,7,2004, , ,(OP) Operating, , , , , , , , ,40.909653,-96.61309
11018,Lincoln Electric System,7887,Terry Bundy Generating Station,Map,Map,NE,Lancaster,SWPP,Electric Utility,LFG1,,1.6,1.6,1.6,Landfill Gas,LFG,IC,1,2014, , ,(OP) Operating, , , , , , , , ,40.909653,-96.61309
11018,Lincoln Electric System,7887,Terry Bundy Generating Station,Map,Map,NE,Lancaster,SWPP,Electric Utility,LFG2,,1.6,1.6,1.6,Landfill Gas,LFG,IC,1,2014, , ,(OP) Operating, , , , , , , , ,40.909653,-96.61309
11018,Lincoln Electric System,7887,Terry Bundy Generating Station,Map,Map,NE,Lancaster,SWPP,Electric Utility,LFG3,,1.6,1.6,1.6,Landfill Gas,LFG,IC,1,2014, , ,(OP) Operating, , , , , , , , ,40.909653,-96.61309
14127,Omaha Public Power District,7955,Elk City Station,Map,Map,NE,Douglas,SWPP,Electric Utility,1,,0.8,0.8,0.8,Landfill Gas,LFG,IC,4,2002, , ,(OP) Operating, , , , , , , , ,41.383889,-96.25444
14127,Omaha Public Power District,7955,Elk City Station,Map,Map,NE,Douglas,SWPP,Electric Utility,2,,0.8,0.8,0.8,Landfill Gas,LFG,IC,4,2002, , ,(OP) Operating, , , , , , , , ,41.383889,-96.25444
14127,Omaha Public Power District,7955,Elk City Station,Map,Map,NE,Douglas,SWPP,Electric Utility,3,,0.8,0.8,0.8,Landfill Gas,LFG,IC,4,2002, , ,(OP) Operating, , , , , , , , ,41.383889,-96.25444
14127,Omaha Public Power District,7955,Elk City Station,Map,Map,NE,Douglas,SWPP,Electric Utility,4,,0.8,0.8,0.8,Landfill Gas,LFG,IC,4,2002, , ,(OP) Operating, , , , , , , , ,41.383889,-96.25444
14127,Omaha Public Power District,7955,Elk City Station,Map,Map,NE,Douglas,SWPP,Electric Utility,5,,0.8,0.8,0.8,Landfill Gas,LFG,IC,6,2006, , ,(OP) Operating, , , , , , , , ,41.383889,-96.25444
14127,Omaha Public Power District,7955,Elk City Station,Map,Map,NE,Douglas,SWPP,Electric Utility,6,,0.8,0.7,0.7,Landfill Gas,LFG,IC,6,2006, , ,(OP) Operating, , , , , , , , ,41.383889,-96.25444
14127,Omaha Public Power District,7955,Elk City Station,Map,Map,NE,Douglas,SWPP,Electric Utility,7,,0.8,0.7,0.7,Landfill Gas,LFG,IC,8,2006, , ,(OP) Operating, , , , , , , , ,41.383889,-96.25444
14127,Omaha Public Power District,7955,Elk City Station,Map,Map,NE,Douglas,SWPP,Electric Utility,8,,0.8,0.8,0.8,Landfill Gas,LFG,IC,8,2009, , ,(OP) Operating, , , , , , , , ,41.383889,-96.25444
11018,Lincoln Electric System,7965,Salt Valley Wind Plant,Map,Map,NE,Lancaster,SWPP,Electric Utility,G1,,0.6,0.7,0.7,Onshore Wind Turbine,WND,WT,12,1998, , ,(OP) Operating, , , , , , , , ,40.9044,-96.6231
11018,Lincoln Electric System,7965,Salt Valley Wind Plant,Map,Map,NE,Lancaster,SWPP,Electric Utility,G2,,0.6,0.7,0.7,Onshore Wind Turbine,WND,WT,10,1999, , ,(OP) Operating, , , , , , , , ,40.9044,-96.6231
13337,Nebraska Public Power District,8000,Beatrice,Map,Map,NE,Gage,SWPP,Electric Utility,CT1,CC1,76.6,70.1,70.1,Natural Gas Fired Combined Cycle,NG,CT,1,2005, , ,(OP) Operating, , , , , , , , ,40.330184,-96.80815
13337,Nebraska Public Power District,8000,Beatrice,Map,Map,NE,Gage,SWPP,Electric Utility,CT2,CC1,76.6,66.2,66.2,Natural Gas Fired Combined Cycle,NG,CT,1,2005, , ,(OP) Operating, , , , , , , , ,40.330184,-96.80815
13337,Nebraska Public Power District,8000,Beatrice,Map,Map,NE,Gage,SWPP,Electric Utility,ST1,CC1,93.9,83.2,83.2,Natural Gas Fired Combined Cycle,NG,CA,1,2005, , ,(OP) Operating, , , , , , , , ,40.330184,-96.80815
13337,Nebraska Public Power District,8036,Cooper Nuclear Station,Map,Map,NE,Nemaha,SWPP,Electric Utility,1,,801,770,770,Nuclear,NUC,ST,3,1974, , ,(OP) Operating, , , , , , , , ,40.3628,-95.6408
772,Archer Daniels Midland Co,10862,Archer Daniels Midland Lincoln,Map,Map,NE,Lancaster,SWPP,Industrial CHP,GEN1,,7.9,7.9,7.9,Conventional Steam Coal,SUB,ST,7,1988, , ,(OP) Operating, , , , , , , , ,40.866463,-96.61449
13157,City of Omaha,55027,Papillion Creek Wastewater,Map,Map,NE,Sarpy,SWPP,Commercial CHP,951,,0.5,0.5,0.5,Other Waste Biomass,OBG,IC,5,1987,8,2025,(OP) Operating, , , , , , , , ,41.0772,-95.87
13157,City of Omaha,55027,Papillion Creek Wastewater,Map,Map,NE,Sarpy,SWPP,Commercial CHP,952,,0.5,0.5,0.5,Other Waste Biomass,OBG,IC,5,1987,8,2025,(OP) Operating, , , , , , , , ,41.0772,-95.87
13157,City of Omaha,55027,Papillion Creek Wastewater,Map,Map,NE,Sarpy,SWPP,Commercial CHP,953,,0.5,0.5,0.5,Other Waste Biomass,OBG,IC,5,1987,8,2025,(OP) Operating, , , , , , , , ,41.0772,-95.87
13157,City of Omaha,55033,Missouri River Wastewater Treatment,Map,Map,NE,Douglas,SWPP,Commercial CHP,6013,,1,1,1,Other Waste Biomass,OBG,IC,7,2001, , ,(OP) Operating, , , , , , , , ,41.2033,-95.9292
13157,City of Omaha,55033,Missouri River Wastewater Treatment,Map,Map,NE,Douglas,SWPP,Commercial CHP,6101,,1,1,1,Other Waste Biomass,OBG,IC,4,1985, , ,(OP) Operating, , , , , , , , ,41.2033,-95.9292
13157,City of Omaha,55033,Missouri River Wastewater Treatment,Map,Map,NE,Douglas,SWPP,Commercial CHP,6102,,1,1,1,Other Waste Biomass,OBG,IC,4,1985, , ,(OP) Operating, , , , , , , , ,41.2033,-95.9292
14127,Omaha Public Power District,55972,Cass County,Map,Map,NE,Cass,SWPP,Electric Utility,CT-1,,172.5,162,117,Natural Gas Fired Combustion Turbine,NG,GT,5,2003, , ,(OP) Operating, , , , , , , , ,40.947913,-95.96403
14127,Omaha Public Power District,55972,Cass County,Map,Map,NE,Cass,SWPP,Electric Utility,CT-2,,172.5,161.8,121.7,Natural Gas Fired Combustion Turbine,NG,GT,5,2003, , ,(OP) Operating, , , , , , , , ,40.947913,-95.96403
61369,"Kimball Wind, LLC",56106,Kimball Wind,Map,Map,NE,Kimball,WACM,IPP Non-CHP,KIM01,,30,30,30,Onshore Wind Turbine,WND,WT,6,2018, , ,(OP) Operating, , , , , , , , ,41.2736,-103.6983
13337,Nebraska Public Power District,56162,Ainsworth Wind,Map,Map,NE,Brown,SWPP,Electric Utility,1,,59.4,59.4,59.4,Onshore Wind Turbine,WND,WT,10,2005, , ,(OP) Operating, , , , , , , , ,42.4489,-99.8917
64631,"Elkhorn Ridge Wind, LLC",56947,Elkhorn Ridge Wind LLC,Map,Map,NE,Knox,SWPP,IPP Non-CHP,1,,81,81,81,Onshore Wind Turbine,WND,WT,3,2009, , ,(OP) Operating, , , , , , , , ,42.6978,-97.6189
772,Archer Daniels Midland Co,57046,Archer Daniels Midland Columbus,Map,Map,NE,Platte,SWPP,Industrial CHP,GEN1,,71.4,61,61,Conventional Steam Coal,SUB,ST,5,2010, , ,(OP) Operating, , , , , , , , ,41.416442,-97.28633
64649,Laredo Ridge Wind LLC,57262,Laredo Ridge Wind LLC,Map,Map,NE,Boone,SWPP,IPP Non-CHP,1,,79.9,79.9,79.9,Onshore Wind Turbine,WND,WT,2,2011, , ,(OP) Operating, , , , , , , , ,41.880278,-98.02389
64636,"Crofton Bluffs Wind, LLC",57278,Crofton Bluffs Wind LLC,Map,Map,NE,Knox,SWPP,IPP Non-CHP,CWET1,,40,40,40,Onshore Wind Turbine,WND,WT,11,2012, , ,(OP) Operating, , , , , , , , ,42.698333,-97.58
56625,Flat Water Wind Farm LLC,57283,Flat Water Wind Farm LLC,Map,Map,NE,Richardson,SWPP,IPP Non-CHP,WTG1,,60,60,60,Onshore Wind Turbine,WND,WT,12,2010, , ,(OP) Operating, , , , , , , , ,40.0011,-95.9289
64616,Broken Bow Wind LLC,57593,Broken Bow Wind LLC,Map,Map,NE,Custer,SWPP,IPP Non-CHP,1,,79.9,79.9,79.9,Onshore Wind Turbine,WND,WT,12,2012, , ,(OP) Operating, , , , , , , , ,41.454722,-99.56806
57050,TPW Petersburg LLC,57755,TPW Petersburg,Map,Map,NE,Boone,SWPP,IPP Non-CHP,PETE,,40.5,40.5,40.5,Onshore Wind Turbine,WND,WT,11,2011, , ,(OP) Operating, , , , , , , , ,41.864583,-97.96119
57315,Western Sugar Cooperative,57937,Western Sugar Coop - Scottsbluff,Map,Map,NE,Scotts Bluff,SWPP,Industrial CHP,SCBF,,5,5,5,Conventional Steam Coal,SUB,ST,9,1987, , ,(OS) Out of service and NOT expected to return to service in next calendar year, , , , , , , , ,41.85887,-103.6344
59139,SunEdison LLC,58322,Prairie Breeze,Map,Map,NE,Antelope,SWPP,IPP Non-CHP,1,,206.5,200.6,200.6,Onshore Wind Turbine,WND,WT,5,2014, , ,(OP) Operating, , , , , , , , ,41.951667,-98.07667
58551,Steele Flats Wind Project LLC,58594,Steele Flats Wind Project LLC,Map,Map,NE,Jefferson,SWPP,IPP Non-CHP,1,,74.8,74.8,74.8,Onshore Wind Turbine,WND,WT,10,2013, , ,(OP) Operating, , , , , , , , ,40.048889,-96.95222
59359,"BHE Renewables, LLC",58695,Grande Prairie Wind Farm,Map,Map,NE,Holt,SWPP,IPP Non-CHP,1,,400,400,400,Onshore Wind Turbine,WND,WT,12,2016, , ,(OP) Operating, , , , , , , , ,42.608056,-98.42833
56769,Consolidated Edison Development Inc.,58981,"Broken Bow Wind II, LLC",Map,Map,NE,Custer,SWPP,IPP Non-CHP,BBII,,73.1,73.1,73.1,Onshore Wind Turbine,WND,WT,10,2014, , ,(OP) Operating, , , , , , , , ,41.323889,-99.32306
61414,"Rattlesnake Creek Wind Project, LLC",59292,Rattlesnake Creek Wind Project,Map,Map,NE,Dixon,SWPP,IPP Non-CHP,RCWP,,318.1,318.1,318.1,Onshore Wind Turbine,WND,WT,1,2019, , ,(OP) Operating, , , , , , , , ,42.374,-96.829
60496,"Adapture Renewables, Inc.",59713,Holdrege Solar Center,Map,Map,NE,Lancaster,SWPP,IPP Non-CHP,HDSC,,4,4,4,Solar Photovoltaic,SUN,PV,6,2016, , ,(OP) Operating, ,4.7, , , , , , ,40.824736,-96.82032
59506,"Valentine Wind, LLC",59736,"Valentine Wind, LLC",Map,Map,NE,Cherry,SWPP,IPP Non-CHP,7772,,1.9,1.9,1.9,Onshore Wind Turbine,WND,WT,9,2014, , ,(OP) Operating, , , , , , , , ,42.859103,-100.5924
49893,Invenergy Services LLC,60262,Prairie Breeze II,Map,Map,NE,Antelope,SWPP,IPP Non-CHP,GEN1,,73.4,73.4,73.4,Onshore Wind Turbine,WND,WT,10,2015, , ,(OP) Operating, , , , , , , , ,41.987656,-98.2104
49893,Invenergy Services LLC,60314,Prairie Breeze III,Map,Map,NE,Antelope,SWPP,IPP Non-CHP,GEN1,,35.8,35.8,35.8,Onshore Wind Turbine,WND,WT,4,2016, , ,(OP) Operating, , , , , , , , ,41.987656,-98.2104
60947,Tesla Inc.,60823,South Sioux City Solar,Map,Map,NE,Dakota,SWPP,IPP Non-CHP,PV1,,2.3,2.3,2.3,Solar Photovoltaic,SUN,PV,12,2016, , ,(OP) Operating, ,3.1, , , , , , ,42.45847,-96.43969
60578,"CCC Hastings Renewable Energy, LLC",60931,CCC Hastings Wind Turbine,Map,Map,NE,Adams,SWPP,IPP Non-CHP,WT1,,1.7,1.7,1.7,Onshore Wind Turbine,WND,WT,12,2016, , ,(OP) Operating, , , , , , , , ,40.57,-98.334
60577,"Creston Ridge, LLC",60932,Creston Ridge Wind Farm,Map,Map,NE,Platte,SWPP,IPP Non-CHP,WT1,,6.8,6.8,6.8,Onshore Wind Turbine,WND,WT,12,2015, , ,(OP) Operating, , , , , , , , ,41.678,-97.386
61275,Seward Wind LLC,61056,Seward Wind Farm,Map,Map,NE,Seward,SWPP,IPP Non-CHP,T1,,1.7,1.7,1.7,Onshore Wind Turbine,WND,WT,12,2017, , ,(OP) Operating, , , , , , , , ,40.895,-97.1951
61042,Cottonwood Wind Project,61407,Cottonwood Wind Energy Center,Map,Map,NE,Webster,SWPP,IPP Non-CHP,CTNWD,,89.7,89.7,89.7,Onshore Wind Turbine,WND,WT,11,2017, , ,(OP) Operating, , , , , , , , ,40.240168,-98.40596
61077,"IGS ORIX Solar I, LLC",61467,City of Lexington,Map,Map,NE,Dawson,SWPP,IPP Non-CHP,LXNE1,,3.5,3.6,1.6,Solar Photovoltaic,SUN,PV,5,2017, , ,(OP) Operating, ,3.9, , , , , , ,40.757,-99.734
61280,"Creston Ridge II, LLC",61668,"Creston Ridge II, LLC",Map,Map,NE,Platte,SWPP,IPP Non-CHP,CR2-1,,2.3,2.3,2.3,Onshore Wind Turbine,WND,WT,6,2017, , ,(OP) Operating, , , , , , , , ,41.677,-97.391
61280,"Creston Ridge II, LLC",61668,"Creston Ridge II, LLC",Map,Map,NE,Platte,SWPP,IPP Non-CHP,CR2-2,,2.3,2.3,2.3,Onshore Wind Turbine,WND,WT,6,2017, , ,(OP) Operating, , , , , , , , ,41.677,-97.391
61280,"Creston Ridge II, LLC",61668,"Creston Ridge II, LLC",Map,Map,NE,Platte,SWPP,IPP Non-CHP,CR2-3,,2.3,2.3,2.3,Onshore Wind Turbine,WND,WT,6,2017, , ,(OP) Operating, , , , , , , , ,41.677,-97.391
61288,"Perennial Wind, LLC",61677,Perennial Windfarm,Map,Map,NE,Fillmore,SWPP,IPP Non-CHP,T-1,,2.3,2.3,2.3,Onshore Wind Turbine,WND,WT,7,2018, , ,(OP) Operating, , , , , , , , ,40.631872,-97.64271
61288,"Perennial Wind, LLC",61677,Perennial Windfarm,Map,Map,NE,Fillmore,SWPP,IPP Non-CHP,T-2,,2.3,2.3,2.3,Onshore Wind Turbine,WND,WT,7,2018, , ,(OP) Operating, , , , , , , , ,40.631872,-97.64271
61288,"Perennial Wind, LLC",61677,Perennial Windfarm,Map,Map,NE,Fillmore,SWPP,IPP Non-CHP,T-3,,2.3,2.3,2.3,Onshore Wind Turbine,WND,WT,7,2018, , ,(OP) Operating, , , , , , , , ,40.631872,-97.64271
49893,Invenergy Services LLC,61784,Upstream Wind Energy LLC,Map,Map,NE,Antelope,SWPP,IPP Non-CHP,UWE,,202.5,202.5,202.5,Onshore Wind Turbine,WND,WT,12,2018, , ,(OP) Operating, , , , , , , , ,42.184336,-97.96498
60520,SoCore Energy LLC,61884,Kearney NPPD Solar Project,Map,Map,NE,Buffalo,SWPP,IPP Non-CHP,PV1,,5.8,5.8,5.8,Solar Photovoltaic,SUN,PV,12,2017, , ,(OP) Operating, ,7.2, , , , , , ,40.721688,-99.0412
61502,"Sholes Wind Energy Center, LLC",61889,Sholes Wind Energy Center,Map,Map,NE,Wayne,SWPP,IPP Non-CHP,WSN1,,160,160,160,Onshore Wind Turbine,WND,WT,11,2019, , ,(OP) Operating, , , , , , , , ,42.3119,-97.3647
61845,"Polk County Renewables, LLC",62333,"Polk County Renewables, LLC",Map,Map,NE,Polk,SWPP,IPP Non-CHP,T-1,,2.5,2.5,2.5,Onshore Wind Turbine,WND,WT,12,2018, , ,(OP) Operating, , , , , , , , ,41.165278,-97.57019
62633,"Plum Creek Wind, LLC",62711,Plum Creek Wind Project (NE),Map,Map,NE,Wayne,SWPP,IPP Non-CHP,PLUM,,230,230,230,Onshore Wind Turbine,WND,WT,6,2020, , ,(OP) Operating, , , , , , , , ,42.16159,-97.20379
8245,City of Hastings - (NE),62833,Hastings Community Solar Farm,Map,Map,NE,Adams,SWPP,Electric Utility,PV,,1.5,0.3,0.3,Solar Photovoltaic,SUN,PV,9,2019, , ,(OP) Operating, ,2, , , , , , ,40.602,-98.437
49893,Invenergy Services LLC,62956,Thunderhead Wind Energy LLC,Map,Map,NE,Antelope,SWPP,IPP Non-CHP,GEN1,,300,300,300,Onshore Wind Turbine,WND,WT,11,2022, , ,(OP) Operating, , , , , , , , ,42.062002,-98.23896
63124,Cuming County Renewables. LLC,63393,"Cuming County Renewables, LLC",Map,Map,NE,Cuming,SWPP,IPP Non-CHP,T-1,,2.5,2.5,2.5,Onshore Wind Turbine,WND,WT,12,2019, , ,(OP) Operating, , , , , , , , ,42.019972,-96.86183
63521,"DG Southwest Solar Portfolio 2019, LLC",63844,Fort Calhoun Community Solar,Map,Map,NE,Washington,SWPP,IPP Non-CHP,FTCAL,,5,5,5,Solar Photovoltaic,SUN,PV,12,2019, , ,(OP) Operating, ,7, , , , , , ,41.456612,-96.00477
63764,"Haystack Wind Project, LLC",64139,"Haystack Wind Project, LLC",Map,Map,NE,Wayne,SWPP,IPP Non-CHP,4444,,298,298,298,Onshore Wind Turbine,WND,WT,3,2022, , ,(OP) Operating, , , , , , , , ,42.26303,-97.19566
63842,"BCSB, LLC",64222,Burt County Solar Hybrid,Map,Map,NE,Burt,SWPP,IPP Non-CHP,1,,0.7,0.7,0.7,Solar Photovoltaic,SUN,PV,6,2021, , ,(OP) Operating, ,0.9, , , , , , ,41.863778,-96.23217
63842,"BCSB, LLC",64222,Burt County Solar Hybrid,Map,Map,NE,Burt,SWPP,IPP Non-CHP,2,,0.7,0.7,0.7,Batteries,MWH,BA,6,2021, , ,(OP) Operating,3, , , , , , , ,41.863778,-96.23217
63842,"BCSB, LLC",64223,Dodge County Solar Hybrid,Map,Map,NE,Dodge,SWPP,IPP Non-CHP,1,,0.7,0.7,0.7,Solar Photovoltaic,SUN,PV,6,2021, , ,(OP) Operating, ,0.9, , , , , , ,41.612,-96.752
63842,"BCSB, LLC",64223,Dodge County Solar Hybrid,Map,Map,NE,Dodge,SWPP,IPP Non-CHP,2,,0.7,0.7,0.7,Batteries,MWH,BA,6,2021, , ,(OP) Operating,3, , , , , , , ,41.612,-96.752
63956,"Little Blue Wind Project, LLC",64336,"Little Blue Wind Project, LLC",Map,Map,NE,Webster,SWPP,IPP Non-CHP,WFW,,250.7,250.7,250.7,Onshore Wind Turbine,WND,WT,12,2021, , ,(OP) Operating, , , , , , , , ,40.284421,-98.40759
61677,Sol Systems,64365,"Western Meadowlark Solar SCS NE 1, LLC",Map,Map,NE,Scotts Bluff,SWPP,IPP Non-CHP,30003,,4.4,4.4,4.4,Solar Photovoltaic,SUN,PV,2,2020, , ,(OP) Operating, ,5.2, , , , , , ,41.889,-103.649
63993,"Milligan 1 Wind, LLC",64377,Milligan 1 Wind Farm,Map,Map,NE,Saline,SWPP,IPP Non-CHP,SG275,,99,99,99,Onshore Wind Turbine,WND,WT,12,2020, , ,(OP) Operating, , , , , , , , ,40.478624,-97.22057
63993,"Milligan 1 Wind, LLC",64377,Milligan 1 Wind Farm,Map,Map,NE,Saline,SWPP,IPP Non-CHP,SG4.5,,135,135,135,Onshore Wind Turbine,WND,WT,3,2021, , ,(OP) Operating, , , , , , , , ,40.478624,-97.22057
63993,"Milligan 1 Wind, LLC",64377,Milligan 1 Wind Farm,Map,Map,NE,Saline,SWPP,IPP Non-CHP,V110,,66,66,66,Onshore Wind Turbine,WND,WT,12,2020, , ,(OP) Operating, , , , , , , , ,40.478624,-97.22057
64065,City of Scribner,64420,Scribner Diesel Generation Facility,Map,Map,NE,Dodge,SWPP,Electric Utility,1,,2,2,2,Petroleum Liquids,DFO,IC,9,2020, , ,(OP) Operating, , , , , , , , ,41.668419,-96.66913
64065,City of Scribner,64420,Scribner Diesel Generation Facility,Map,Map,NE,Dodge,SWPP,Electric Utility,2,,2,2,2,Petroleum Liquids,DFO,IC,9,2020, , ,(OP) Operating, , , , , , , , ,41.668419,-96.66913
64486,"DG Nebraska Energy Storage, LLC",65098,South Sioux City Energy Storage,Map,Map,NE,Dakota,SWPP,IPP Non-CHP,SSCES,,1.5,1.5,1.5,Batteries,MWH,BA,12,2020, , ,(OP) Operating,3, , , , , , , ,42.433124,-96.4072
61677,Sol Systems,65411,"Airport 009239 SCS Lexington, LLC",Map,Map,NE,Dawson,SWPP,IPP Non-CHP,20215,,1,1,1,Solar Photovoltaic,SUN,PV,5,2021, , ,(OP) Operating, ,1.2, , , , , , ,40.785402,-99.76802
61677,Sol Systems,65416,"Monroe 009452 SCS Cozad, LLC",Map,Map,NE,Dawson,SWPP,IPP Non-CHP,20214,,2,2,2,Solar Photovoltaic,SUN,PV,7,2021, , ,(OP) Operating, ,2.5, , , , , , ,40.872664,-99.97858
61677,Sol Systems,66178,"South 49th 013445 SCS Norfolk, LLC",Map,Map,NE,Madison,WACM,IPP Non-CHP,9122,,8.5,8.5,8.5,Solar Photovoltaic,SUN,PV,9,2022, , ,(OP) Operating, ,12.3, , , , , , ,42.0312,-97.48271
61677,Sol Systems,66178,"South 49th 013445 SCS Norfolk, LLC",Map,Map,NE,Madison,WACM,IPP Non-CHP,9123,,2.1,1,1,Batteries,MWH,BA,12,2022, , ,(OP) Operating,2.1, , , , , , , ,42.0312,-97.48271
65318,"SPPW1, LLC",66195,"SPPW1, LLC",Map,Map,NE,Franklin,SWPP,IPP Non-CHP,T-1,,2.8,2.8,2.8,Onshore Wind Turbine,WND,WT,7,2022, , ,(OP) Operating, , , , , , , , ,40.313772,-98.96028
65318,"SPPW1, LLC",66195,"SPPW1, LLC",Map,Map,NE,Franklin,SWPP,IPP Non-CHP,T-2,,2.8,2.8,2.8,Onshore Wind Turbine,WND,WT,7,2022, , ,(OP) Operating, , , , , , , , ,40.313772,-98.96028
